,datetime,content,title
0,2020-03-19 23:59:45,  美国食品药品监督管理局负责人哈恩：第一阶段疫苗测试预计需要12个月。,
1,2020-03-19 23:58:55,据媒体报道：特斯拉在一份内部邮件里表示，将对Fremont工厂的员工测试体温，并分发口罩，以防止新冠肺炎病毒蔓延。,
2,2020-03-19 23:56:25,FDA负责人哈恩表示，美国有10000名科学家、医生和其他人员“24小时”在研究冠状病毒。,
3,2020-03-19 23:52:51,【瑞穗：原油有价值跌至负值的可能性】瑞穗证券Paul Sankey在电子邮件中表示，美国对亚洲的原油出口降至零，使得每天200万桶的原油流入墨西哥湾沿岸，这支撑了原油价值跌至负值的可能性。“然后这些石油会填满储油罐”。Bakken原油当前的价格为每桶14美元，西加拿大原油的价格为每桶9美元。除了加拿大重油以外，所有这些原油在质量上都相差不大。加拿大原油的价格已经接近到墨西哥湾沿岸的管道成本，因此实际上陷入停顿了。因此支持了“价值跌至负值”的预期在2008年的危机中，需求减少以柴油为主导；今年是航空燃油主导需求下降。,
4,2020-03-19 23:52:19,  美国总统特朗普称，仍在收集有关氯喹有效性的证据。,
5,2020-03-19 23:51:03,  【CFA6月考试推迟至12月】由于冠状病毒的传播，CFA协会决定推迟6月份的考试，计划参加该次考试的考生，最早也要到12月才能考试。,
6,2020-03-19 23:50:00,  特朗普：FDA已经批准在治疗新冠肺炎病毒时使用氯喹（Chloroquine，治疗疟疾）。,
7,2020-03-19 23:48:26,特朗普称吉利德的抗病毒药物有希望。 吉利德科学美股拉升6%，现报83.9美元。,
8,2020-03-19 23:48:05,  摩根士丹利：美国住房市场将遭遇新冠肺炎疫情的严重冲击。,
9,2020-03-19 23:47:01,特朗普说他相信疫情后经济将出现V型复苏。,
10,2020-03-19 23:46:45,  特朗普表示，让疟疾药物用于病毒治疗。,
11,2020-03-19 23:42:04,  美国总统特朗普称，研发疫苗是一个长期过程。,
12,2020-03-19 23:41:33,  WTI原油期货飙涨24%，几乎完全收复隔夜的失地。,
13,2020-03-19 23:40:55,  特朗普表示，与国会合作增加救济。,
14,2020-03-19 23:38:12,道指、标普500指数涨幅扩大至2%，纳指涨3.8%。,
15,2020-03-19 23:37:39,  加拿大总理表示，美国加拿大两国交界边境可能于周五晚开始关闭。,
16,2020-03-19 23:37:31,【福特暂停派发股息以保存现金流 并撤回2月发布的2020年业绩指引】福特暂停分红，以保存现金，应对冠状病毒带来的冲击。此外，福特还取消了业绩展望。,
17,2020-03-19 23:36:53,  巴西暂时关闭南方边境。,
18,2020-03-19 23:35:36,  美国总统特朗普：正从黎巴嫩撤侨。,
19,2020-03-19 23:35:15,【国际原油大涨 WTI原油涨幅扩大至20%】截至发稿，WTI原油涨幅扩大至20%，报25.19美元/桶。  布油涨9.36%，报27.21美元。,
20,2020-03-19 23:33:34,  美国8周期国债收益率为0.030%，涨幅高达67.57%。,
21,2020-03-19 23:32:52,  【日本19日新增新冠肺炎感染者35人 累计956人】据日本放送协会消息，根据日本各地的地方自治团体和厚生劳动省通报的数据，截至当地时间19日晚八点半，19日新增新冠肺炎感染者35人，包括包机归国的14人确诊病例，日本新冠肺炎感染者共计达到956人。19日新增2位感染者死亡病例，目前日本国内感染新冠肺炎患者的死亡人数为33人。,
22,2020-03-19 23:31:57,  美股石油股全线反弹，荷兰皇家壳牌B涨近20%，英国石油涨8.5%，巴西石油公司与哥伦比亚石油公司涨超7%，中石油涨超4%。,
23,2020-03-19 23:30:48,美股三大指数回暖，道指、标普500指数涨超1%，纳指涨3.18%。,
24,2020-03-19 23:30:28,  美原油涨破25美元/桶。,
25,2020-03-19 23:25:49,优步股价飙升高达41％，此前该公司表示，即使在其最坏的预测中，该公司年底仍将拥有40亿美元现金。,
26,2020-03-19 23:22:23,  F1将荷兰、西班牙、摩纳哥这三场比赛的时间推后，以避免新冠肺炎疫情扩散。,
27,2020-03-19 23:20:58,  【莫迪：印度将从22日起实施宵禁】印度快报19日报道，印度总理莫迪当天向全国发表讲话中称，将从当地时间22日开始实施宵禁，时间为从晚上7点到早9点。莫迪表示，所有公民都应该遵守宵禁，尽量在家中完成所有所有的工作。此外，他还在讲话中要求，65岁以上的公民不应该出门。,
28,2020-03-19 23:17:57,  WTI涨幅扩大至17%，报24.37美元/桶，布油报28.47美元/桶，涨6.67%。,
29,2020-03-19 23:15:12,德国农业部长警告食品供应受到冠状病毒疫情威胁。,
30,2020-03-19 23:11:14,  据报道，特朗普预计将详细介绍一系列新的疗法，不过目前还处在早期测试阶段。,
31,2020-03-19 23:09:05,  美联储巴尔金：市场问题变得明显时，美联储致力于解决这些问题，重点是确保流动性和市场功能。,
32,2020-03-19 23:04:49,  【欧盟决定推迟召开最新一轮峰会】鉴于受新冠肺炎疫情影响，欧盟3月19日决定，将推迟召开原定于3月26日至27日召开的欧盟峰会，具体时间待定。欧盟在19日发布的公告中称，欧盟领导人同意，将在下周再次召开视频会议，讨论新冠肺炎疫情。,
33,2020-03-19 23:04:32,纽约州长库莫：没有封锁纽约市的计划。,
34,2020-03-19 23:03:24,  国际油价扩大涨幅，WTI原油目前上涨15%。,
35,2020-03-19 23:00:39,  【美国新冠肺炎确诊人数超1万】据美国媒体报道，截至美东时间19日上午11时左右，美国新冠肺炎确诊病例至少10259例，死亡病例至少152例。（央视）,
36,2020-03-19 22:56:57,英国两年期国债收益率势创2016年以来最大跌幅。,
37,2020-03-19 22:55:17,英国财政大臣苏纳克：准备好在必要时进一步采取一切行动。,
38,2020-03-19 22:52:12,  据法新社，摩纳哥阿尔贝二世亲王的冠状病毒检测呈阳性。,
39,2020-03-19 22:50:08,  加拿大财长莫诺：现在就在流动性方面为企业提供援助作出决定还为时尚早。,
40,2020-03-19 22:49:45,【香港发现第二例在新冠病毒测试中呈阳性的狗】 香港特区政府渔农自然护理署19日表示，继此前一只宠物松鼠狗对新冠病毒测试呈弱阳性反应后，又有一只狗在新冠病毒反复测试中呈阳性反应。,
41,2020-03-19 22:47:43,道指反弹后再度下跌1%，纳指涨幅亦回落至1%。,
42,2020-03-19 22:47:23,  美国纽约州新冠肺炎病例增加至4152例。,
43,2020-03-19 22:46:21,【土耳其前陆军司令因感染新冠肺炎去世，全国累计确诊191例】当地时间3月19日，土耳其卫生部长科贾宣布土耳其前陆军司令亚尔曼（Aytaç Yalman）因感染新冠肺炎去世，享年79岁。截至记者发稿时，土耳其累计确诊新冠肺炎病例191例，累计死亡3例。（央视新闻）,
44,2020-03-19 22:44:30,  【国家发改委：全面推进重大交通项目复工】据新华社，国家发改委基础设施发展司有关负责人表示，已与各省区市发展改革委建立了重大交通项目开复工调度机制，对重大交通项目复工情况加强跟踪分析，高标准、高质量、高效率抓好铁路、公路、航道、机场等重大项目开工准备工作，全力以赴保开工、保进度、保质量。,
45,2020-03-19 22:43:42,  惠誉表示，沙特的行动可能使2020年布伦特原油价格在维持在40美元/桶以下。,
46,2020-03-19 22:42:57,  英国央行：下一次定期召开的货币政策委员会会议将于3月25日召开，会议纪要将于3月26日公布。今天的特别会议纪要也将同时公布。,
47,2020-03-19 22:41:30,【证监会：今日6公司首发过会】证监会3月19日消息，美瑞新材料股份有限公司、洛阳新强联回转支承股份有限公司、甘源食品股份有限公司、杭州聚合顺新材料股份有限公司、重庆百亚卫生用品股份有限公司、盛视科技股份有限公司等公司首发过会。,
48,2020-03-19 22:40:35,  英国十年期国债收益率上扬后走低，现报0.780%。,
49,2020-03-19 22:40:24,  英国央行：今天宣布的资产购买将会尽快完成。英国央行将在适当的时候向市场发布进一步的指导意见。,
50,2020-03-19 22:40:14,  标普500指数转跌，道指现跌超100点。,
51,2020-03-19 22:35:37,  英国央行：将英国国债和企业债持有规模增加2000亿英镑至6450亿英镑。 大部分增持资产将是英国国债。,
52,2020-03-19 22:35:22,  欧洲斯托克600指数涨1.2%。,
53,2020-03-19 22:35:16,美股三大指数短线拉升，纳指复涨超3%，道指涨近1%，标普500指数涨1.26%。,
54,2020-03-19 22:33:54,  英国央行：新冠肺炎将导致剧烈且大规模的经济冲击。,
55,2020-03-19 22:33:46,  英国央行：委员会认为有必要进一步推出一揽子措施。,
56,2020-03-19 22:33:37,  英国央行：一致同意增加英国国债持有量。,
57,2020-03-19 22:32:54,  英镑兑美元GBP/USDD短线下挫超30点，现报1.1652。,
58,2020-03-19 22:32:21,英国央行宣布降息至0.1%。,
59,2020-03-19 22:31:54,  EIA天然气报告：美国天然气库存总量为20340亿立方英尺，较去年同期增加8780亿立方英尺，同时较5年均值高出2810亿立方英尺。,
60,2020-03-19 22:31:27,  英国央行：3月19日举行货币政策委员会（MPC）特别会议。,
61,2020-03-19 22:28:56,  美、布两油持续反弹，布油重回26美元上方，日内跌幅收窄至1.34%，WTI原油升至23美元上方，现涨2.59%。,
62,2020-03-19 22:24:52,印度计划从周末开始从意大利撤侨。,
63,2020-03-19 22:23:10,  现货黄金涨幅扩大至0.4%，重返1490美元/盎司上方，脱离亚太时段录得的日低1464.30美元/盎司。,
64,2020-03-19 22:18:27,美股科技股集体拉涨，苹果涨2%，微软跳升逾5%，亚马逊涨近4%，奈飞升近8%，Facebook涨近7%。,
65,2020-03-19 22:16:03,美国银行：预计2020年拉丁美洲GDP增速为-1.6%，此前为0.8%。,
66,2020-03-19 22:15:37,纳指急升逾3%，特斯拉美股暴涨20%，此前获摩根士丹利上调其评级至持股观望。,
67,2020-03-19 22:14:30,道指收复两万点关口，现涨约0.5%。,
68,2020-03-19 22:14:03,美国三大股指悉数转涨，纳指目前涨超2%， 特斯拉涨17%。,
69,2020-03-19 22:13:05,特斯拉涨17%，带动纳指涨1.6%。,
70,2020-03-19 22:11:14,特斯拉急速拉升大涨逾16%，现报420美元。,
71,2020-03-19 22:10:50,标普500指数翻红。,
72,2020-03-19 22:09:28,英国政府公布新冠肺炎法案的草案。,
73,2020-03-19 22:08:55,FGE：最糟糕情况下今年石油需求可能会下降1200-2000万桶/日。,
74,2020-03-19 22:08:35,瑞士预计新冠肺炎病例增长将在5天内放缓。,
75,2020-03-19 22:06:07,美股中概股转涨，阿里巴巴涨近1%，百度涨5.12%，携程涨近5%，微博涨近3%。,
76,2020-03-19 21:58:39,美股三大股指缩窄跌幅，纳指转涨，道指现跌1.6%，标普500指数跌1.2%。,
77,2020-03-19 21:58:27,【美国企业垃圾债ETF普跌】3月19日美股盘初，iShares IBOXX投资级企业债ETF（LQD）刷新最近九年低点，目前下跌2.26%。iShares IBOXX高收益企业债ETF（HYG）刷新最近11年低点，目前跌2.78%。SPDR彭博巴克莱高收益债券ETF（JNK）刷新最近11年低点，目前跌2.40%。,
78,2020-03-19 21:58:01,蒂芙尼将暂时关闭美国和加拿大以及“其他多地”的所有门店。,
79,2020-03-19 21:56:09,特斯拉美股急升逾10％，收复400美元关口。,
80,2020-03-19 21:54:08,特斯拉拉升近6%，现报382美元。,
81,2020-03-19 21:51:16,美股汽车股扩大跌幅，菲亚特克莱斯勒汽车集团跌12%，通用汽车跌10.7%，福特汽车跌6.33%。,
82,2020-03-19 21:51:06,2020年3月19日（周四）华尔街恐惧与贪婪指数（美盘初）。,
83,2020-03-19 21:45:01,现货黄金短线走低逾10美元，报1468.35美元/盎司，现货白银短线跌0.25美元，报11.89美元/盎司。,
84,2020-03-19 21:44:52,美国国家经济顾问库德洛：计划推迟学生贷款计息至2021年。,
85,2020-03-19 21:40:36,道指急挫逾3%，标普500指数跌约2.5%，纳指跌约1.3%。,
86,2020-03-19 21:39:48,【桂东电力：拟收购桥巩能源公司100%股权加码水电业务】桂东电力公告，公司拟以3.63元/股的价格，向关联方广投能源非公开发行股份并支付现金，购买其持有的桥巩能源公司100%股权。同时，拟向不超过35名符合条件的特定对象非公开发行股份募集配套资金。桥巩能源公司主要经营水电资源的投资、开发、经营、技术咨询，主要产品为电力。本次重组标的资产的交易价格尚未最终确定，预计构成重大资产重组。公司股票3月20日复牌。,
87,2020-03-19 21:37:09,世界卫生组织：非洲存在未发现的新冠病例，但数量不多。,
88,2020-03-19 21:35:59,美股航空股重挫，波音与美国航空集团跌约10%，美国联合航空与达美航空跌超7%。此前波音遭华尔街资管公司科文大幅下调其目标价至150美元。,
89,2020-03-19 21:34:14,道指盘初迅速跌超2%，标普500指数跌超1.6%，纳指跌0.8%。,
90,2020-03-19 21:34:01,蔚来汽车跌5.35%；昨日公布的第一季度营收指引不及预期。,
91,2020-03-19 21:33:22,【美联储与澳洲联储等九大央行建立临时美元互换机制 以提供美元流动性】美联储和澳大利亚、巴西、丹麦、韩国、墨西哥、挪威、新西兰、新加坡、瑞典等九国央行建立临时美元互换机制。此前美联储已经和欧洲央行、日本央行、英国央行、瑞士央行、加拿大央行建立此类机制，以为美元流动性提供支持。,
92,2020-03-19 21:33:04,道指迅速跌超200点。,
93,2020-03-19 21:32:05,特斯拉收复昨日失地，现涨2.6%，昨日收跌逾16%，此前获摩根士丹利上调其评级至持股观望。,
94,2020-03-19 21:30:36,【道指开盘跌0.6%，标普500跌0.8%，纳指涨0.1%】波音跌3.8%。花旗将波音目标价从420美元调降至150美元。银行股大幅下跌，巴克莱跌10.3%，劳埃德银行跌4.7%。,
95,2020-03-19 21:25:42,中国神华：2月份煤炭销售量为30.3百万吨 同比下降22.1%；2月份总售电量6.15十亿千瓦时，同比下降26%。,
96,2020-03-19 21:24:20,【美国国会两名众议员新冠病毒检测结果呈阳性】美国共和党联邦众议员马里奥·迪亚兹-巴拉特和民主党联邦众议员本·麦克亚当斯18日分别通过社交媒体宣布自己新冠病毒检测结果呈阳性。随后，美国多名与两位众议员有过接触的国会议员宣布出于谨慎考虑决定自我隔离。美国国会近期暂停参观活动，仅国会议员、工作人员、持证媒体人员等有权进入国会大厦等建筑。（新华视点）,
97,2020-03-19 21:21:42,美国能源部：首批将购买3000万桶石油作为战略石油储备，最终将购买7700万桶石油。,
98,2020-03-19 21:20:47,英国IPSOS-MORI民调：英国经济乐观情绪降至2008年金融危机以来的最低水平。,
99,2020-03-19 21:19:02,美国能源部就采购3000万桶战略石油储备（SPR）原油询价。,
100,2020-03-19 21:13:19,深南电路：2019年全年实现净利润12.3亿元，同比增长76.80%；拟10转4派11.5元。,
101,2020-03-19 21:11:16,【清华大学李稻葵：熔断远远没有结束】全球资本市场引发广泛关注。清华大学中国经济思想与实践研究院创始院长李稻葵认为，熔断远远没有结束，而且还会持续。这次股票市场恐慌式下降，从前期来看是市场的调整，从30000点调整到20000点，甚至再往下。而影响这个调整的主要因素是恐慌，而恐慌的来源是疫情的发展。疫情发展的核心指标是每天新增的确诊人数，对于美国而言，这个数字还远远没有见底。,
102,2020-03-19 21:09:50,IMF董事会批准杰弗里·冈本担任IMF第一副总裁。,
103,2020-03-19 21:07:05,现货黄金短线上扬8美元，现报1477.06美元/盎司。,
104,2020-03-19 21:06:25,美国与韩国商定600亿美元的货币互换。,
105,2020-03-19 21:06:16,马云公益基金会和阿里巴巴公益基金会宣布向四个东南亚国家捐款。,
106,2020-03-19 21:04:42,美国财长姆努钦：我们要在低油价时期购买价值100亿甚至200亿美元的原油。,
107,2020-03-19 21:04:19,福特汽车盘前跌6%，报4.22美元。,
108,2020-03-19 21:03:38,福特：暂停发放股息，撤回此前在2月4日公布的业绩指引。,
109,2020-03-19 21:02:16,南非央行下调回购利率50个基点至5.75%，符合市场预期。,
110,2020-03-19 21:02:01,美联储表示与更多央行建立美元互换安排。,
111,2020-03-19 21:01:24,美国财长姆努钦：预计经济将在第二季度出现下滑，第三季度会回升，第四季度会出现巨大反弹。,
112,2020-03-19 21:00:05,富时中国A50指数期货转涨，此前一度跌1%。,
113,2020-03-19 20:59:05,美国财长姆努钦：美国财政部完全可以发行更多债券。财政部将利用低利率为大量美国债务再融资。,
114,2020-03-19 20:55:23,【国务院国资委与国家知识产权局联合印发《关于推进中央企业知识产权工作高质量发展的指导意见》】意见从知识产权创造、运用、保护和管理四个方面提出了明确要求。一是加强知识产权高质量创造，包括坚持知识产权战略引领、培育一批高价值专利、加强海外知识产权布局、提升各类知识产权创造能力。二是促进知识产权高效运用，包括加大知识产权实施力度、加强知识产权合规使用、拓宽知识产权价值实现渠道、建立知识产权运营平台。三是提升知识产权保护能力，包括强化知识产权风险防范、加强技术秘密保护、加大知识产权保护力度、提升海外知识产权保护能力。四是完善知识产权管理体系，包括强化知识产权机构和制度建设、实施知识产权分级管理、加强知识产权服务机构管理、提高知识产权管理信息化水平。,
115,2020-03-19 20:54:09,美国财长姆努钦：希望美联储重获在危机中失去的影响力。很快会渡过难关。,
116,2020-03-19 20:52:44,美国银行认为美国进入衰退。,
117,2020-03-19 20:52:23,美国财长姆努钦：努力在三周内把现金送至美国人手中。希望为每位成人提供1000美元，每位小孩500美元。,
118,2020-03-19 20:51:47,上期能源中心：经研究决定，自2020年3月23日（周一）收盘结算时起，20号胶期货合约的交易保证金比例调整为11%，涨跌停板幅度调整为9%。,
119,2020-03-19 20:51:03,金冠股份：持股10.1%的股东徐海江及其一致行动人拟减持不超过6%。,
120,2020-03-19 20:47:30,机构评美国当周初请失业金数据：美国当周初请失业金人数显然受到了新冠肺炎疫情的影响。部分州特别提到了与新冠病毒相关的裁员，许多州报告称，与服务相关的行业，特别是住宿和食品行业、运输和仓储行业的裁员人数有所增加。,
121,2020-03-19 20:46:59,美股股指期货缩窄跌幅，道指期货与标普500指数期货现跌约1.8%，纳指期货跌1.2%。,
122,2020-03-19 20:41:54,上期所：自2020年3月23日（周一）收盘结算时起，铝、锌、铅期货合约的交易保证金比例调整为10%，涨跌停板幅度调整为8%；天然橡胶期货合约的交易保证金比例调整为11%，涨跌停板幅度调整为9%。,
123,2020-03-19 20:40:43,美联储将把周四、周五国债购买规模提高至750亿美元。,
124,2020-03-19 20:39:52,美联储：昨日推出了货币市场共同基金流动性工具(MMLF)以增强货币市场的流动性和功能，并支持经济。临时最终规则修改了机构的资本规则，使金融机构能够因其进行MMLF活动的低风险而获得信贷，机构将不承担与这些活动有关的信贷或市场风险。此修改仅适用于MMLF相关活动。,
125,2020-03-19 20:36:31,美国3月费城联储制造业指数录得2012年7月以来最低水平，降幅为纪录以来最大。,
126,2020-03-19 20:35:15,【逾六成量化私募产品近一月实现正收益】来自私募排排网的国内量化私募产品业绩监测数据显示，截至3月19日，按照最新一次产品公布净值计算，在该机构监测的四大类量化对冲策略（宏观策略、管理期货、相对价值、复合策略）合计3177只证券私募产品中，共计有2013只产品在最近一个月实现正收益，占比达63.36%。在此之中，共计有230只产品在近一个月实现了超过20%的高额收益；其中收益率最高某量化私募产品，更在最近一个月大幅盈利69.36%。（中证网）,
127,2020-03-19 20:34:48,美国参议员Manchin：现在就不应该再允许卖空行为。股市可能应该关停1-2天。,
128,2020-03-19 20:33:31,美联储、美国联邦存款保险公司和美国货币监理署联合发布了货币市场流动性工具的临时最终规则。,
129,2020-03-19 20:33:02,美国3月费城联储制造业指数为-12.7，预期为10，前值为36.7。,
130,2020-03-19 20:30:19,"美国上周首次申领失业救济人数为281,000人，预估为220,000人。",
131,2020-03-19 20:29:58,美国30年期国债收益率走高，此前报道称美国白宫考虑发行25年期与50年期国债。,
132,2020-03-19 20:29:41,桥水基金创始人达利欧：财政刺激计划的最低规模应该在1.5万亿到2万亿美元之间，具体取决于贷款担保和信贷等金融救助的形式。,
133,2020-03-19 20:27:54,【光库科技：拟定增募资不超7.1亿元 用于铌酸锂高速调制器芯片研发及产业化项目等】光库科技发布定增预案，本次非公开发行A股股票募集资金总额不超过7.1亿元人民币，扣除发行费用后将用于铌酸锂高速调制器芯片研发及产业化项目和补充流动资金。,
134,2020-03-19 20:27:06,美国白宫考虑发行50年期和25年期债券为1.3万亿美元刺激方案提供资金。,
135,2020-03-19 20:26:01,桥水基金创始人达利欧：桥水公司业绩下滑了10%-20%。,
136,2020-03-19 20:25:46,美联储14天期回购操作使用量自1月以来首次未达上限。,
137,2020-03-19 20:24:40,【甘肃省市场监督管理局关于干部职工带头消费支持餐饮业共度难关的倡议书】甘肃省市场监督管理局发布关于干部职工带头消费支持餐饮业共度难关的倡议书，倡议书指出，我省餐饮业受新冠肺炎疫情影响损失惨重，大伤元气。为提振民众消费信心，助力餐饮企业度过难关，现倡议如下：一、党员领导干部要带头“下馆子”，以实际行动体现社会责任。每周消费不低于200元。二、鼓励干部职工及亲属带头“吃喝”，引导和带动身边群众尽快恢复消费信心。三、通过实际消费体验，更好地了解指导餐饮业落实疫情防控和复工营业要求，带头使用“公筷公勺”，推行文明餐桌，引导民众摒弃饮食陋习。四、严格廉洁规定，消费个人付费。,
138,2020-03-19 20:22:13,桥水基金创始人达利欧：因疫情大流行，预计全球企业的损失将达12万亿美元。,
139,2020-03-19 20:18:32,【鸿远电子年报：2019年净利润同比增27.62% 拟10转4派0.1元】鸿远电子发布年报，2019年，公司实现营业收入10.54亿元，同比增长14.19%；归属上市公司股东的净利润2.79亿元，同比增长27.62%。每10股派发现金红利人民币0.1元（含税），同时向全体股东每10股以资本公积金转增4股。,
140,2020-03-19 20:17:29,桥水基金创始人达利欧：预计美国企业或将因新冠肺炎疫情损失4万亿美元。预计美联储将不得不购买更多美国债务。刺激市场的普通措施是行不通的。,
141,2020-03-19 20:16:45,富时中国A50指数期货跌超1%。,
142,2020-03-19 20:13:54,美国参议院少数党领袖舒默：仅为美国人提供1000美元现金是不足的。,
143,2020-03-19 20:11:42,爱建集团：控股股东均瑶集团计划于2020年3月20日起6个月内增持最低不少于0.1%、最高不超过0.5%爱建集团股份。,
144,2020-03-19 20:10:25,"【江山欧派：拟4.5亿元新建防火门产线项目】江山欧派公告，公司拟新购土地建设厂房，新建防火门产线项目，生产适应于市场需求的高品质的防火门，以满足不同市场的多样化需求。本项目总投资预计约45,000万元。",
145,2020-03-19 20:08:47,永兴材料：2019年全年实现净利润3.44亿元，同比下降11.29%； 拟10派4.56元。,
146,2020-03-19 20:07:40,"【吉翔股份：拟24亿元收购军工企业中天引控100%股权】吉翔股份公告，上市公司拟以8.06元/股发行股份并支付现金，向中建鸿舜等106名交易对方购买其持有的中天引控100%的股权，并向关联方发行股份募集配套资金。本次交易的标的资产初步定价为24亿元。中天引控及其子公司主要从事精确打击弹药系列产品、防护材料系列产品和时空信息平台的研发、生产和销售等。据业绩承诺，中天引控2020年度、2021年度和2022年度的扣非后归母净利润分别不低于13,000万元、17,000万元和25,000万元。公司股票3月20日复牌。",
147,2020-03-19 20:07:20,【沙特和伊拉克大幅削减石油运费回扣 实际相当于提高油价】伊拉克国家石油销售公司SOMO向客户发出的通知显示，4月欧洲和美国的买家将不会获得运费回扣，称原因是“在原油价格急剧下跌的同时，运费出现了前所未有的巨大变化”。,
148,2020-03-19 20:05:45,【德国据悉可能最早于下周批准紧急举债】知情人士称，德国政府在考虑最早于下周采取措施。这些措施将允许政府无限制地增加债务，以助力遏制新冠病毒危机的影响。默克尔的内阁可能在周一举行会议，批准提高举债上限，并且要求德国联邦议院特别会议批准该请求。,
149,2020-03-19 20:05:18,2020年3月19日（周四）各大货币对表现排行榜。,
150,2020-03-19 20:03:31,【瀛通通讯年报：2019年净利润同比增10.44% 拟10派2元】瀛通通讯发布年报，报告期内，公司实现营业收入11.08亿元，较上年同期增加23.58%；实现归属于上市公司股东的净利润7122.35万元，较上年同期增加10.44%。拟向全体股东每10股派发现金红利2元（含税）。,
151,2020-03-19 20:01:11,葡萄牙确诊新冠病例数从642增加到785。,
152,2020-03-19 20:00:29,"挪威新冠病例总数从1,423人上升至1,552人。",
153,2020-03-19 20:00:12,3个月期美元伦敦银行同业拆借利率（Libor）涨7.938个基点至1.19513%。,
154,2020-03-19 19:58:24,WTI原油再度跌至22美元/桶下方，日内跌1.52%。,
155,2020-03-19 19:56:45,招商南油年报：2019年净利润8.77亿元，同比增长143.56%。,
156,2020-03-19 19:54:38,德国最快或将于下周批准紧急贷款方案。,
157,2020-03-19 19:54:09,意大利教育部长：或将延长学校关闭时间至4月3日之后。,
158,2020-03-19 19:53:16,印度从3月22日起一周内禁止所有入境航班。,
159,2020-03-19 19:53:00,美股大型银行股盘前走低，巴克莱跌超7%，劳埃德银行跌4.3%，美国银行与摩根大通跌约3.8%，高盛跌3%。,
160,2020-03-19 19:52:20,今天《新闻联播》的主要内容：1、全国一盘棋快速统筹调度 抗击疫情后勤保障彰显我国制度显著优势；2、李克强主持召开中央应对新冠肺炎疫情工作领导小组会议 部署调整优化防控措施 进一步精准防范疫情跨境输入输出 适应形势变化积极有序推进企事业单位复工复产；3、李克强分别同欧盟委员会主席和保加利亚总理通电话；4、中央指导组：用高水平医疗力量打一场高水平的救治攻坚战；5、人民日报评论员文章：中国抗疫彰显负责任大国担当；6、国务院联防联控机制新闻发布会：18日首次无新增本土确诊病例 输入性疫情风险持续增加；7、【一线抗疫群英谱】孙斌：三江同源 千里同心；8、多地支援湖北医疗队撤离武汉；9、湖北：保供稳价 保障群众生活；10、国家监委调查组发布《关于群众反映的涉及李文亮医生有关情况调查的通报》；11、提高复工复产效率 各地多措施精准施策；12、辽宁：稳投资重服务 保重大项目开工落地；13、中央脱贫攻坚专项巡视“回头看”完成反馈：抓好巡视整改 如期高质量完成脱贫攻坚任务；14、多管齐下全面发力 春耕正当时。,
161,2020-03-19 19:49:04,德国最快或将于下周批准紧急贷款方案。,
162,2020-03-19 19:47:12,美股股指期货持续下挫，道指期货跌3%，标普500指数期货跌约2.8%，纳指期货跌约1.85%。,
163,2020-03-19 19:43:18,英国将在周四推出疫情应对紧急立法草案。英国称不会限制进出伦敦的通行。,
164,2020-03-19 19:42:23,欧洲股市跌幅扩大，德国DAX指数跌1.44%，英国富时100指数跌2.55%，欧洲斯托克50指数跌1.23%，欧洲斯托克600指数跌1.1%。,
165,2020-03-19 19:41:03,【证监会批准开展液化石油气期货及期权交易】证监会近日批准大连商品交易所开展液化石油气期货及期权交易。液化石油气期货合约正式挂牌交易时间为2020年3月30日，液化石油气期权合约正式挂牌交易时间为相应期货合约有成交的下一个交易日。,
166,2020-03-19 19:38:39,【埃及调整娱乐场所营业时间以应对疫情】当地时间3月19日，埃及内阁宣布，为应对疫情，即日起调整埃及境内所有体育俱乐部、餐厅、咖啡馆、购物中心等场所营业时间，早7点营业、晚6点关门。即日起开始执行，直至3月31日。,
167,2020-03-19 19:37:24,英国首席医疗官Whitty：我们正面对巨大不确定性，目前还没有科学定论。,
168,2020-03-19 19:36:20,印度报告第四例新冠肺炎死亡病例。,
169,2020-03-19 19:35:57,美元兑日元USD/JPY触及110关口，为2月27日以来首次，日内涨1.78%。,
170,2020-03-19 19:34:58,美股航空股盘前扩大跌幅，波音跌超5%，达美航空跌4%，美国航空公司跌3.43%，美国联合航空跌3.65%。,
171,2020-03-19 19:33:34,英国10年期国债收益率涨至1%上方，为去年5月以来首次。,
172,2020-03-19 19:32:39,金隅集团：拟公开发行不超过28.2亿元可转债，用于10000t/d新型干法水泥熟料生产线产能置换及迁建项目、杨泉山矿附属设施建设项目、利用水泥窑协同处置项目和补充流动资金。,
173,2020-03-19 19:31:04,德国联邦金融监管局：与欧洲斯托克50指数、欧洲斯托克600指数以及MSCI欧洲指数相关的工具不受卖空禁令的限制。,
174,2020-03-19 19:30:11,世界交易所联合会：保持市场开放和保持交易时间正常很重要。,
175,2020-03-19 19:27:49,土耳其卫生部长：土耳其为美国提供了50万份检测试剂。,
176,2020-03-19 19:26:52,【百亿级私募仓位指数周环比大增逾15个百分点，73.53%的仓位达八成以上】据私募排排网组合大师仓位数据显示，目前股票私募仓位最新指数为72.88%，环比上周增加了3.32个百分点，其中52.81%的私募仓位在八成以上。另外，百亿级私募加仓意愿更为强烈，最新仓位指数为86.86%，环比上周大幅增加了15.47个百分点，其中仓位在八成以上的百亿级私募占比高达73.53%。（每经网）,
177,2020-03-19 19:24:37,方正证券：公司与中信信托有限责任公司签署《协议书》，双方一致同意解除《中信•远洋弘盛投资集合资金信托计划信托合同》；同日，公司收到资金2.3亿元。,
178,2020-03-19 19:21:28,徽商银行在港交所公告，拟参与发起新设一家经营区域仅在内蒙古自治区内的省级地方法人银行业金融机构，新设银行各发起人的出资总额将为人民币240亿元，本行将以货币方式出资人民币36亿元认购新设银行15%的股权。,
179,2020-03-19 19:20:07,大参林：拟发行不超14.05亿元可转债，用于医药零售门店建设项目等。,
180,2020-03-19 19:19:31,证监会公告，中体产业集团股份有限公司（发行股份购买资产）获有条件通过。,
181,2020-03-19 19:17:22,根据捷克卫生部消息，从3月18日18:00至3月19日9:00，捷克境内新增新冠肺炎确诊病例50例，累计确诊572例。（央视新闻）,
182,2020-03-19 19:16:37,英国10年期国债收益率升至0.910%，为2019年5月以来新高。,
183,2020-03-19 19:15:17,太极实业：员工持股计划及无锡创投拟合计减持不超3.3892%的股份。,
184,2020-03-19 19:14:00,美国参议院少数党（民主党）领袖舒默：纽约的检测试剂不足。,
185,2020-03-19 19:11:31,李克强主持召开中央应对新冠肺炎疫情工作领导小组会议，部署调整优化防控措施，进一步精准防范疫情跨境输入输出，适应形势变化积极有序推进企事业单位复工复产。（央视）,
186,2020-03-19 19:10:24,穆迪：由于新冠肺炎疫情影响企业收益，将全球航运业前景转为负面。,
187,2020-03-19 19:09:20,欧洲央行管委霍尔茨曼：欧洲央行的应对措施稳定了市场。,
188,2020-03-19 19:06:50,西班牙报告新冠肺炎感染病例累计达17147例。,
189,2020-03-19 19:04:58,美元指数DXY站上102关口，刷新三年高位。,
190,2020-03-19 19:04:29,国家监委调查组发布《关于群众反映的涉及李文亮医生有关情况调查的通报》。,
191,2020-03-19 19:02:28,通威股份：拟在云南省保山市投资年产4万吨高纯晶硅项目，项目预计总投资约40亿元。,
192,2020-03-19 19:01:03,欧洲央行管委霍尔茨曼：预计欧洲央行的计划将持续到疫情危机结束，但至少要到年底。,
193,2020-03-19 19:00:38,欧洲央行管委霍尔茨曼：欧洲央行在关键的时候推出价值7500亿欧元的刺激方案。,
194,2020-03-19 18:55:15,江山欧派：拟4.5亿元新建防火门产线项目。,
195,2020-03-19 18:53:50,中国民航局发布关于疫情防控期间控制国际客运航班量的通知，以民航局3月12日官网发布的“国际航班信息发布（第5期）”为基准，每家航空公司在每条航线上的航班量只减不增。,
196,2020-03-19 18:53:27,【深交所调查报告：建立“中国特色的证券集体诉讼制度”最受期待】日前深交所组织开展了2019年个人投资者状况调查。调查报告称，受访者期待创业板改革，重点关注增强创业板包容性、完善退市制度、强化发行人及中介机构责任等相关事项。新《证券法》各项投资者保护制度安排中，建立“中国特色的证券集体诉讼制度”最受期待。提高上市公司质量各项举措中，严厉打击说假话、做假账最受关注。,
197,2020-03-19 18:52:04,投资银行Canaccord Genuity将特斯拉目标价由750美元下调至400美元。,
198,2020-03-19 18:50:07,泰国正考虑设立1000亿泰铢的股市稳定基金。,
199,2020-03-19 18:49:54,离岸人民币兑美元贬值，现报7.1502，在岸人民币现报7.1080。,
200,2020-03-19 18:49:41,离岸人民币兑美元跌破7.15，为去年10月以来首次，日内跌近800点。,
201,2020-03-19 18:45:12,从海南省教育厅了解到，海南省满足防疫条件学校高三、初三年级将在4月7日开学，不满足的不可开学，其他年级、学段具体开学时间将视疫情发展形势综合研判后，提前一周向社会公布。（央视新闻）,
202,2020-03-19 18:43:07,"伊朗报告新增1,046例新冠肺炎病例，总数达到18,407例。伊朗报告新冠肺炎死亡病例累计达1284例。",
203,2020-03-19 18:41:26,【深交所：2019年个人投资者短线交易行为有所减弱】深交所公布2019年个人投资者状况调查结果，受访者理性程度进一步提升，短线交易行为有所减弱，盈利投资者理性程度更高；受访者参与公募基金积极性显著提高，间接入市渐成趋势。,
204,2020-03-19 18:40:32,日本据称考虑增加回购通胀挂钩债券。,
205,2020-03-19 18:38:25,【中国神华：2月份商品煤销量为30.3百万吨 同比下降22.1%】中国神华发布2020年2月份主要运营数据公告，2月份商品煤销量为30.3百万吨 同比下降22.1%；2月份总售电量6.15十亿千瓦时，同比下降26%。,
206,2020-03-19 18:38:05,2020年3月19日（周四）亚太市场股市指数（收盘）。,
207,2020-03-19 18:34:55,【深交所组织开展2019年个人投资者状况调查】受访者平均账户资产量增加，中小投资者比例有所下降，股票资产配置略有提升。2019年，受访者平均账户资产量达54.7万元，较上年增加10.2万元；受访者中，证券账户资产量在50万元以下的中小投资者占比75.1%，较上年减少4.9个百分点。受访者投入到股票中的资产占家庭总流动资产的27.3%，较上年增加1.7个百分点；其中，40岁以上受访者股票在资产配置中的比重为29.3%，较30岁以下受访者高5个百分点。,
208,2020-03-19 18:33:10,【两连板文一科技：紫光展锐筹划科创板上市等有关事宜与我公司无关】文一科技公告，近日，我公司关注到一则媒体报道《紫光展锐上市前融资：国家大基金和上海国资被曝将注资45亿》，该报道中提及紫光展锐筹划科创板上市等有关事宜，经向公司第二大股东紫光集团有限公司发函询证，其回函确认，该报道中所涉及事项与我公司无关联。经我公司自查，该报道中的事项确与我公司无关。,
209,2020-03-19 18:32:24,【人社部：2月三项社会保险费减免1239亿】人力资源和社会保障部副部长李忠19日在人社部专题新闻发布会上表示，2月份减免养老、失业、工伤三项社会保险费，累计1239亿元。其中，中小微企业受益最大，中小微企业因免征社保费受益942亿元，大型企业因减收社保费直接受益209亿元。从2月份实际执行的情况来看，效果很好。2月-6月预计减免额在5000亿元以上，实际减免效果可能还会大于预期。（国是直通车）,
210,2020-03-19 18:30:17,【日本新增新冠肺炎确诊病例15例，累计确诊936例】据日本放送协会消息，根据日本各地的地方自治团体和厚生劳动省通报的数据，截至当地时间3月19日下午六点半，19日新增新冠肺炎感染者15人，包括包机归国的14人确诊病例，日本新冠肺炎感染者共计达到936人。19日新增1位感染者死亡病例，目前日本国内感染新冠肺炎患者的死亡人数为32人。（央视新闻）,
211,2020-03-19 18:29:49,消息人士称：阿联酋阿布扎比国家石油公司ADNOC推迟2020年上半年Murban原油使用新计价基准的计划，直到原油市场情况改善。,
212,2020-03-19 18:29:33,韦德布什：将特斯拉目标价从710美元降至425美元。,
213,2020-03-19 18:29:21,【民航局等五部委：调整目的地为北京的国际航班从指定第一入境点入境】公告显示，3月20日莫斯科至北京CA910航班，3月22日巴黎至北京CA934航班第一入境点为天津；3月20至22日东京至北京CA926航班第一入境点为呼和浩特；3月21至22日多伦多至北京HU7976航班第一入境点为太原（以上日期为北京时间）。,
214,2020-03-19 18:26:17,欧元兑美元EUR/USD跌幅扩大至1%，触及一个月低位1.0801。,
215,2020-03-19 18:24:43,日前，中共中央批准：龚正同志任上海市委委员、常委、副书记。（上观新闻）,
216,2020-03-19 18:23:13,英镑兑美元GBP/USD短线下挫逾40点，现报1.1490。,
217,2020-03-19 18:19:08,欧盟首席脱欧谈判官巴尼耶：本人新冠肺炎检测呈阳性。,
218,2020-03-19 18:18:07,伦敦市长：公共交通服务频率可能会进一步降低。,
219,2020-03-19 18:16:11,中信证券：2019年全年实现净利润122.29亿元，同比增长30.23%；拟10派5元。,
220,2020-03-19 18:15:12,美股股指期货扩大跌幅，道指期货与标普500指数期货跌超2%，纳指期货跌约1%。,
221,2020-03-19 18:14:23,【德国将设立“团结基金”支持自营职业者和小企业】德国《明镜》援引知情人士报道，德国在计划提供约400亿欧元的紧急方案，以支持自营职业者和小企业。100亿欧元将用于直接拨款，300亿欧元用于贷款。将由能够自己贷款的政府实体——团结基金组织融资。,
222,2020-03-19 18:13:30,美国10年期国债收益率跌10个基点至1.16%。,
223,2020-03-19 18:13:01,【四川路桥：受让新锂想公司10%股权，持股比例增至65%】四川路桥公告，藏格公司拟将其持有的新锂想公司10%股权转让给公司。因藏格公司未实际出资，公司受让的股权无需支付股权转让款。受让后，公司持有新锂想公司股权比例由55%增加到65%，并承接相应的出资义务。新锂想公司主要负责开展锂电池正极三元材料和前驱体项目。截至目前，三元材料项目厂房主体工程已完成，二次结构和内部装饰已在做收尾工作，设备已陆续进场安装，预计今年可投产。,
224,2020-03-19 18:12:29,美股三大股指期货悉数回落，标普500、道指期货跌逾1.6%，纳指期货跌0.7%。,
225,2020-03-19 18:12:13,欧洲股市回落，德国DAX指数、英国富时100指数转跌，欧洲斯托克50指数涨幅缩窄至0.8%。,
226,2020-03-19 18:09:47,丹麦出台1000亿丹麦克朗的新措施来支持经济。,
227,2020-03-19 18:09:39,花旗：鉴于欧洲央行现在已准备好让欧洲各国政府全面吸收新的财政刺激措施，这可能是一个强有力的组合，最终将提振欧元区的通胀预期和欧元的走强。,
228,2020-03-19 18:07:43,欧洲斯托克600指数回吐涨幅，跌0.1%。,
229,2020-03-19 18:06:45,【百合花：公司的有机颜料产品提高出口退税率】百合花公告，公司的有机颜料产品被列入出口退税的商品清单，出口退税率由0%提高至13%。有机颜料产品是公司主要产品之一，2018年度，公司直接出口营业收入3.96亿元，本次提高出口退税的产品主要系公司有机颜料产品，2018年度涉及本次出口退税率调整的产品的出口营业收入为3.73亿元，占公司直接出口营业收入的94.05%，占公司总营业收入的20.56%。,
230,2020-03-19 18:03:59,法国总统马克龙：完全支持欧洲央行采取的措施。,
231,2020-03-19 18:03:51,据德国联邦疾控机构罗伯特·科赫研究所刚刚公布的数据，截至当地时间3月19日10点，德国已累计确诊新冠肺炎患者10999例。（央视新闻）,
232,2020-03-19 18:01:43,瑞士央行行长乔丹：经济复苏可能是V型、U型甚至是L型的。,
233,2020-03-19 17:58:41,【星矿数据：异丙醇价格一周内涨幅超26%】据星矿数据统计，异丙醇价格指数从3月12日的57.42涨至3月18日的72.41，一周内涨幅达26.1%。,
234,2020-03-19 17:52:23,瑞士央行行长乔丹：瑞士金融系统处于“非常好的状态”。,
235,2020-03-19 17:50:52,欧元兑美元一个月隐含波动率升至2011年欧元区危机以来新高，目前超14%。,
236,2020-03-19 17:49:34,【上海：进沪前14天有这24国旅居史的人员一律隔离14天】上海市疫情防控工作领导小组今天发布，为进一步防控境外输入疫情风险，从3月20日零点起，上海在原有16个重点国家（韩国、意大利、伊朗、日本、法国、西班牙、德国、美国、英国、瑞士、瑞典、比利时、挪威、荷兰、丹麦、奥地利）基础上，新增澳大利亚、马来西亚、希腊、捷克、芬兰、卡塔尔、加拿大、沙特阿拉伯等8国作为疫情防控的重点国家。所有中外人员，凡在进入上海之日前14天内，有上述24个国家旅行或居住史的，一律按照规定严格实施居家或集中隔离健康观察，也就是一律隔离14天。同时，上海将根据全球疫情发展趋势，继续动态调整重点国家名录。,
237,2020-03-19 17:49:24,【上海补贴受疫情影响较大的困难行业企业，每人800元】上海市人力资源和社会保障局、上海市经济和信息化委员会、上海市财政局近日联合发布通知，将对受疫情影响较大的困难行业企业给予稳就业补贴，补贴对象为住宿餐饮、文体娱乐、交通运输、旅游（指旅行社及相关服务、游览景区管理两类）四类受疫情影响较大行业中2020年1月1日之前成立并按规定缴纳社会保险的本市企业。补贴将按照企业申请时的上月实际缴纳城镇职工社会保险人数计算，标准为每人800元。每户企业补贴上限为500万元，限申请一次。（澎湃）,
238,2020-03-19 17:44:52,瑞士央行行长乔丹：“直升机撒钱”主要是财政工具。,
239,2020-03-19 17:44:42,摩根士丹利：将特斯拉2020财年的交付量重新设定为42万辆，相信特斯拉在这段时间有足够的流动性和资金。,
240,2020-03-19 17:44:02,瑞士央行行长乔丹：各国央行之间的信息交流模式与2008年金融危机期间类似，但是没有协同措施。,
241,2020-03-19 17:43:44,缅甸暂时关闭陆上边境，禁止外国人入境。,
242,2020-03-19 17:43:19,【国投电力：长江电力累计增持2%股份】国投电力公告，2020年3月19日，公司收到持股5%以上股东长江电力告知函：长江电力基于对公司价值的认可及未来持续发展的信心，自2019年4月17日至2020年3月19日，通过上海证券交易所集中竞价方式累计增持公司无限售条件流通股份1.36亿股，占公司总股本的2.00%。本次增持后，长江电力及一致行动人持有公司股份8.14亿股，占公司总股本的12%。,
243,2020-03-19 17:42:20,陌陌科技盘前涨幅扩大至约12%，报22.39美元。该公司第四季度营收超过最高分析师预估。,
244,2020-03-19 17:41:30,【塔牌集团：拟以2亿元-4亿元回购公司股份】塔牌集团公告，公司决定使用自有资金以集中竞价的方式回购公司部分股份，本次回购股份资金总额为不超过4亿元（含）且不少于2亿元（含），回购价格不超过14.5元/股，回购的期限为自董事会审议通过回购方案之日起12个月内。回购的股份拟用于公司实施员工持股计划。,
245,2020-03-19 17:41:12,2020年3月19日（周四）上海黄金交易所市场行情。,
246,2020-03-19 17:40:24,MSCI新兴市场货币指数跌至逾三年来新低，新兴市场股市指数创逾四年来低位。,
247,2020-03-19 17:40:05,雪莱特：公司被列入工信部第二批新冠肺炎疫情防控重点保障企业及佛山市第一批疫情防控物资重点生产企业。,
248,2020-03-19 17:39:54,德意志银行预测本次衰退将是史诗级的：“我们预计，季度GDP增速的下滑幅度，将至少远远超过上溯到二战时期的任何记录”。,
249,2020-03-19 17:39:24,【第二届联合国全球可持续交通大会推迟举办】外交部发言人耿爽19日表示，第二届联合国全球可持续交通大会原定于5月5日至7日在北京举行。考虑到新冠肺炎疫情影响，中方同联合国方面经协商后，决定推迟举行大会，并由双方结合全球疫情防控形势商定新会期。“中方期待在今年疫情缓解后的合适时间举办大会，我们会就新的会期等安排与联合国方面保持沟通。”（新华视点）,
250,2020-03-19 17:38:28,米奥兰特：2019年全年实现净利润6611.7万元，同比下降3.30%；拟10派10元。,
251,2020-03-19 17:38:04,Oxford Economics：美国消费者大约一半的消费活动都高度暴露于冠状病毒风险之下。,
252,2020-03-19 17:37:13,瑞士央行行长乔丹：瑞士没有操纵汇率。,
253,2020-03-19 17:36:45,埃及对商场，咖啡馆，俱乐部实施部分宵禁。,
254,2020-03-19 17:36:28,八天七板通光线缆：公司近期关注到国家电网有限公司最新研究编制了《2020年特高压和跨省500千伏及以上交直流项目前期工作计划》，但公司暂无法预计其给公司生产经营带来的影响。公司通信光缆和通信用高频电缆产品为通信网络建设用的基础性通用材料，非5G通信专用材料或设备。,
255,2020-03-19 17:35:40,上海证券交易所在最新发布的《ETF行业发展报告（2020）》中表示，正在研究推出ETF集合申购机制，要在2020年持续推动ETF集合申购业务试点和常态化。,
256,2020-03-19 17:35:21,挪威央行：考虑是否需要通过买入挪威克朗来干预市场。,
257,2020-03-19 17:35:01,德意志银行预计欧元区今年经济将萎缩3.4%，美国今年经济将萎缩0.8%，全球经济今年将增长2%。,
258,2020-03-19 17:33:13,瑞士央行行长乔丹：不认为适合进一步降息。但是如有必要，可能会进一步降息。,
259,2020-03-19 17:32:54,*ST安凯：合肥市土地储备中心拟对公司名下位于合肥市包河区南淝河路以西、天津路以东的两宗土地进行收储，收储补偿款共计5.44亿元，对公司损益产生积极影响。,
260,2020-03-19 17:32:41,挪威央行：挪威货币市场受到极端情况的影响。可能干预货币市场。,
261,2020-03-19 17:32:15,江西省发布《关于打好“组合拳”提振旅游消费的通知》，提出推行周末弹性作息，今年二季度试行周末2.5天弹性作息，弹性作息减少的工作时间，通过延长其他工作日时长调剂补回；在全省推出“爱江西·健康游”电子消费券，各市、县（区）结合实际发放旅游消费券。,
262,2020-03-19 17:31:25,【天翔环境：债权人拟豁免或减免对公司约1.06亿元债权】天翔环境公告，公司今日收到与公司债权人汉富(北京)资本管理有限公司、债权人27、债权人19签订的《债务抵偿协议》，在上市公司重整获得人民法院裁定受理的条件下，债权人豁免或减免对上市公司债权中的约1.06亿元债权，债权人代替大股东偿还的债权比例为1：1相应抵偿成都亲华科技有限公司对上市公司的资金占用。,
263,2020-03-19 17:31:09,【北上资金今日净流出102.20亿 招商银行净卖出6.71亿】北上资金今日净流出102.20亿元。沪股通方面，招商银行净卖出6.71亿，海螺水泥净卖出5.84亿。深股通方面，格力电器净卖出8.12亿，五粮液净卖出3.70亿。,
264,2020-03-19 17:29:34,3月19日，小米集团召开抗击疫情沟通会，小米集团总裁王翔宣布，截至3月19日，小米供应链整体复工率超过80%。（中证网）,
265,2020-03-19 17:28:43,德银更新对德国经济增速预测：预计德国今年经济将萎缩4-5%，此前预测为1-2%。,
266,2020-03-19 17:27:26,【三天内逾百亿元保险资金已抄底入市】综合主流保险机构提供的内部数据显示，3月17日以来的三天内，逾百亿元保险资金已抄底入市。谈及本周保险机构抄底的原因，他们认为，目前点位已跌至公司内部设定的买入区间点位，且判断A股股指进一步下探的空间有限。加仓的背后，一个重要的支撑逻辑是：大型保险机构的内部观点认为，对一季度经济增速的判断总体偏保守，但并没有特别悲观。（中国证券网）,
267,2020-03-19 17:26:50,恒指期货夜盘微跌0.08%，报21821点。,
268,2020-03-19 17:26:33,保加利亚政府：自3月20日起禁止从非欧盟国家来的旅客入境。,
269,2020-03-19 17:26:02,【中国通号：1-2月中标4个轨道交通市场重要项目 中标金额合计15亿元】中国通号(688009)3月19日晚间公告，2020年1月到2月，公司在轨道交通市场共中标四个重要项目，其中，在铁路市场中标两个重要项目，在城市轨道交通市场中标两个重要项目。以上项目中标金额总计约为15.01亿元，约占公司2019年营业收入的3.6%。,
270,2020-03-19 17:24:51,印度当局扩大了随机检测范围，以观察新冠病毒社区传播情况。,
271,2020-03-19 17:23:44,据德国《明镜》周刊：德国援助计划规模或为400亿欧元。,
272,2020-03-19 17:22:27,瑞士央行行长乔丹：自疫情爆发以来，瑞士加大了汇市干预力度。,
273,2020-03-19 17:21:25,瑞士央行行长乔丹：财政政策是应对病毒的核心。,
274,2020-03-19 17:19:53,西班牙十年期国债收益率跌50个基点至0.72%。,
275,2020-03-19 17:19:06,【四川、重庆：正研究谋划具体举措，建设成渝地区双城经济圈】四川省对推动成渝地区双城经济圈建设作出了全面部署，有关方面正在深入研究谋划具体工作举措。另外，目前重庆市有关方面也正在开展谋划研究，包括深入研究推进成渝地区双城经济圈各领域发展思路。在前期研究的基础上，策划储备一批重大工程项目、重大政策、重大改革举措，加强与国家相关部委对接，争取得到认可与支持。下一步，四川省与重庆市将加强沟通衔接，及早谋划新的合作事项。（证券时报）,
276,2020-03-19 17:18:27,据法新社报道，意大利总理孔特19日表示，该国针对新冠病毒大流行所采取的封锁措施将继续延长。（环球网）,
277,2020-03-19 17:17:44,【银保监会：研究制定进一步完善和发展扶贫小额信贷的政策措施】近日，银保监会党委书记、主席郭树清主持召开银保监会党委会议，传达学习习近平总书记在决战决胜脱贫攻坚座谈会上的重要讲话精神，并就进一步贯彻落实总书记重要讲话精神作出工作部署。会议要求，要加大金融支持力度，进一步聚焦“三区三州”等深度贫困地区、产业扶贫和提高脱贫质量防止返贫，充分发挥银行业保险业扶贫合力。加强对贫困地区和贫困群众疫情防控的金融服务，优先支持扶贫龙头企业、扶贫车间、重点扶贫项目等复工复产。及时研究制定进一步完善和发展扶贫小额信贷的政策措施。,
278,2020-03-19 17:14:18,越南航空将暂停所有国际航班，直至4月30日。,
279,2020-03-19 17:13:55,挪威议会财政委员会：同意将工资税降低4个百分点，为期两个月。,
280,2020-03-19 17:13:44,德国经济研究所：基于较乐观的经济V型复苏预估，预计德国2020年GDP萎缩0.1%。,
281,2020-03-19 17:12:18,【任泽平：没有钱怎么投基础设施？建议突破赤字率】恒大研究院首席经济学家任泽平表示，大家担心现在财政的压力很大，没有钱怎么投基础设施？我有个建议，要突破赤字率，财政赤字到3.5%、4%都没有关系，但我觉得不是一个数的概念，而是一种理念，究竟是要保财政还是保增长。一国财政是建立在自身经济实力基础之上的，目的就是要熨平经济波动，为企业和居民服务，只要中国经济繁荣发展，人民安居乐业，就不愁财政。,
282,2020-03-19 17:07:02,在岸人民币兑美元跌破7.10。,
283,2020-03-19 17:05:40,菲律宾外长：暂停向所有外国人签发签证，“没有例外”。,
284,2020-03-19 17:05:11,马来西亚央行：将法定储备金率从3%下调至2%，该决定自3月20日起生效。,
285,2020-03-19 17:05:00,深交所：4月2日（星期四）至4月6日（星期一）不提供港股通服务，4月7日（星期二）起照常开通港股通服务。,
286,2020-03-19 17:04:25,德国智库IFO：德国经济正在陷入衰退。,
287,2020-03-19 17:04:01,日本央行今天购买了2016亿日元的ETF，创下新高。,
288,2020-03-19 17:03:22,上交所发布关于2020年清明节休市安排的公告：4月4日（星期六）至4月6日（星期一）休市，4月7日（星期二）起照常开市。,
289,2020-03-19 17:03:08,德国3月份IFO商业信心指数为87.7，前值为96.1。,
290,2020-03-19 17:02:11,大商所：自2020年3月19日（星期四）结算时起，苯乙烯期货各合约涨跌停板幅度和交易保证金水平分别调整为9%和11%。,
291,2020-03-19 17:01:52,【任泽平：发力新基建，可以超前布局5G、人工智能等】恒大研究院首席经济学家任泽平表示，发力新基建，可以超前布局5G、人工智能等，对于中国经济长期发展有好处，我国是多个领域基础设施超前布局的受益者，比如互联网，比如高铁等，领先全球实现了超车。尤其当前大宗商品暴跌，原油价格下挫，我们在此时发展新基建，成本低，效果好，何乐不为。,
292,2020-03-19 16:59:18,离岸人民币兑美元贬值701点，现报7.1437，在岸人民币现报7.0959。,
293,2020-03-19 16:57:14,据英国每日电讯报，英国伦敦据悉“可能”最早在周末封城。,
294,2020-03-19 16:57:01,英国预算责任办公室（OBR）官员Bean：希望疫情对经济的冲击会是暂时性的，各国必须避免限制性贸易政策。重要的是各国应该在应对病毒方面采取协同行动。,
295,2020-03-19 16:53:59,港交所披露数据显示，3月19日，南下港股通共成交463.42亿港元，创单日历史最高成交额。,
296,2020-03-19 16:50:42,离岸人民币兑美元一度跌0.8%至去年10月以来新低，暂报7.1279。,
297,2020-03-19 16:48:59,日本首相安倍晋三：将采取大胆的经济措施。,
298,2020-03-19 16:46:57,【任泽平：建议在长三角、粤港澳等城市群进行适度超前的基础设施建设】恒大研究院首席经济学家任泽平表示，中国的城镇化还有很大空间，但城镇化的人口将更多聚集到城市群都市圈。预测到2030年中国城镇化率达71%时，新增2亿城镇人口的80%将集中在19个城市群，60%将在长三角、粤港澳、京津冀等7个城市群，上述地区的轨道交通、教育、医疗、5G等基础设施将面临严重短缺，在上述地区进行适度超前的基础设施建设能够最大化经济社会效益。,
299,2020-03-19 16:46:12,【恒大研究院任泽平：当前最简单有效的办法就是“新基建”】恒大研究院首席经济学家任泽平表示，疫情对消费的冲击比对生产的冲击更大，旅游、住宿、酒店等消费大项的恢复往往比生产要慢一个季度，企业很快就能开工，但开工后消费跟不上，外需不给力，就容易造成库存积压和企业经营压力。当前最简单有效的办法就是新基建，这包括了5G、人工智能、数据中心、互联网等科技创新领域基础设施，以及教育、医疗、社保等民生消费升级领域基础设施。,
300,2020-03-19 16:44:52,奥美医疗：公司郑重提示投资者，口罩等防护用品仅为公司众多产品品类之一，近期口罩等防护用品需求量的增加不会对公司财务状况产生重大影响。,
301,2020-03-19 16:44:23,马来西亚3月19日新增110例新冠肺炎病例，累计900例。（人民日报）,
302,2020-03-19 16:42:34,【龙虎榜：8天7板通光线缆获5家营业部抢筹1.44亿】今日通光线缆再度涨停，上演8天7板走势，股价报18.04元/股。盘后数据显示，买五前五大营业部买入1.44亿，卖五前五大营业部卖出1亿。,
303,2020-03-19 16:41:26,瑞士央行：全球和瑞士经济显著恶化。在特殊时期，扩张性货币政策比以往更有必要。通过与其他央行的外汇互换协议提供流动性，尤其是美元流动性。,
304,2020-03-19 16:40:21,【任泽平：A股相比欧美股市跌幅较小 这是对我国抗疫初显成效的肯定】恒大研究院首席经济学家任泽平表示，前一段时间A股大跌已经消化了国内疫情的影响，最近的市场震荡是对外围市场的担心，但相比欧美股市，A股跌幅较小，这是对我国抗疫初显成效的肯定。随着企业的陆续复工，多项举措的顺利落地，中国经济会回到正常的发展通道。但是，要高度重视疫情的二次传染风险，做好应对全球经济金融危机的充分准备，目前还不能大意。,
305,2020-03-19 16:38:25,长实集团公告，2019年基础盈利287.3亿港元，EPS为7.78港元，同比增19%。,
306,2020-03-19 16:36:49,长和：2019年净利润为398亿港元，市场预期394.7亿港元，上年同期为390亿港元。2019年收益总额为2990.2亿港元，市场预期为3024.5亿港元，上年同期为4532.3亿港元。2019年全年未计利息、税项、折旧及摊销前的利润771亿港元。,
307,2020-03-19 16:35:39,瑞士央行：经济预期面临高度不确定性。预计上半年出现明显经济衰退。,
308,2020-03-19 16:34:16,特斯拉美股盘前涨超5%；昨日该股收跌约16%。,
309,2020-03-19 16:33:40,瑞士央行：预计2020年经济录得负增长，12月预期为1.5%-2%。,
310,2020-03-19 16:32:18,【外媒：全球新冠肺炎累计确诊病例已超22万】据荷兰媒体BNO Newsroom刚刚消息，全球新冠肺炎累计确诊病例已超过22万例。其中，8953人死亡，84912人治愈康复。（环球网）,
311,2020-03-19 16:32:14,在岸人民币收盘：在岸人民币收报7.0910，上一交易日收报7.0260，贬值650点。,
312,2020-03-19 16:31:45,美股三大股指期货全线转涨，纳指期货涨超1%。,
313,2020-03-19 16:30:38,瑞士央行将政策利率维持在-0.75%不变，与预期一致。,
314,2020-03-19 16:29:52,西班牙经济部长：将推动欧盟国家出台共同财政措施。,
315,2020-03-19 16:28:18,商务部发布关于修订《鼓励外商投资产业目录（2019年版）》公开征求意见的公告。本次修订拟进一步扩大鼓励范围，促增量和稳存量并举，聚焦促进制造业高质量发展、发挥中西部地区和东北地区承接产业转移潜力。,
316,2020-03-19 16:28:08,【任泽平：美联储的大水漫灌长期来看埋下了诸多隐患】恒大研究院首席经济学家任泽平表示，美联储的大水漫灌，短期可能会解决经济一时的困局，但长期来看埋下了诸多隐患，货币超发导致债务过高、股市泡沫堆砌、财富差距进一步拉大，这都将削弱制造业的基础，让过度消费模式走得越来越远。在当前关键时点，我们需要把握的是，在危险和恐慌中找到机遇，借此机会扩大改革开放，建设多层次资本市场，改善收入分配和社会治理，一旦这些举措落实到位，国运就来了。,
317,2020-03-19 16:27:36,美元指数DXY短线走低约50点，英镑兑美元GBP/USD、欧元兑美元EUR/USD短线回升约70点。,
318,2020-03-19 16:26:59,易世达：公司名称拟变更为聆达集团股份有限公司，证券简称变更为聆达股份。,
319,2020-03-19 16:25:46,两连板新化股份：公司主营业务未发生变化，主要从事脂肪胺、有机溶剂、香料香精等其他产品的生产与销售，双氧水业务占比较小，2018年双氧水营收占比约2%，以工业级双氧水为主，对公司经营业绩无重大影响。,
320,2020-03-19 16:25:25,携程盘前涨9.57%；2019年净利润超出市场预期。,
321,2020-03-19 16:23:45,湖北副省长杨云彦：前段时间，已经将方舱医院的患者集中到定点医院。下一步，还要逐步将小型定点医院的患者向大型定点医院集中。（澎湃）,
322,2020-03-19 16:22:50,【任泽平：中国股市、债市运作相对平稳，疫情防控和复产复工走在了全球前面】恒大研究院首席经济学家任泽平表示，过去几年中，中央推进供给侧结构性改革，金融去杠杆精准拆弹，提前为预防风险扎下了制度和改革的篱笆，保障了我国的金融安全。可以看出，近期在疫情和外围因素的双重影响下，中国的股市、债市运作相对平稳，疫情防控和复产复工走在了全球前面，为经济尽早恢复常态化奠定了坚实的基础。,
323,2020-03-19 16:21:50,截至3月18日24时，北京市累计报告境外输入确诊病例64例，居全国之首，占全国境外输入确诊病例总量的34%。（人民日报）,
324,2020-03-19 16:20:45,受欧洲央行行动影响，欧洲企业债务风险创2016年以来最大降幅。,
325,2020-03-19 16:17:55,【发改委：本周将继续投放中央冻猪肉储备】国家发改委价格司副司长、一级巡视员彭绍宗19日表示，去年以来，我们多次投放了中央冻猪肉储备，今年春节假期过后又连续6周投放，本周还将继续投放。,
326,2020-03-19 16:17:21,【任泽平：金融游戏堆高了美股泡沫和企业债务】3日19日下午，恒大研究院首席经济学家任泽平表示，美国祭出的量化宽松政策和两次降息，以及正在酝酿的万亿刺激计划，说明已经意识到了美国陷入了流动性危机中。金融游戏堆高了美股泡沫和企业债务，货币超发、投资者同质化交易行为、上市公司发债股票回购是美股长牛的重要原因，现在音乐已经停止，游戏已经结束，在市场下跌时泡沫被刺破蕴藏着巨大风险。,
327,2020-03-19 16:15:18,【湖北省副省长：住院病例清零尚需时日】湖北省人民政府副省长杨云彦介绍，湖北省疫情防控形势持续向好，但医疗救治任务仍然繁重。湖北省仍有6636名患者在院救治，其中重症1809例，危重症465例，多数合并基础疾病，救治难度较大，住院病例清零尚需时日。（新京报）,
328,2020-03-19 16:15:10,美股部分银行股盘前走高。德意志银行涨约6%，瑞银涨约4%，瑞士信贷涨2.48%，富国银行涨1.53%。,
329,2020-03-19 16:14:45,欧洲股市涨幅扩大，意大利富时MIB指数大涨4.7%，法国CAC40指数涨2.3%。,
330,2020-03-19 16:14:36,美、布两油短线上扬0.6美元，现报22.91美元/桶和26.55美元/桶。,
331,2020-03-19 16:11:11,【北京市累计报告境外输入确诊病例65例】北京市今天下午召开新冠肺炎疫情防控新闻发布会，3月18日0时至3月19日12时，北京市新增报告境外输入新冠肺炎确诊病例22例。截至3月19日12时，北京市累计报告境外输入确诊病例65例。北京连续12天无本地新增确诊病例，全市15个区连续14天以上无新增确诊病例。（新京报）,
332,2020-03-19 16:10:50,恒指震荡收跌2.61％，刷新2016年12月以来新低，早盘一度跌逾5％。腾讯涨近3％，地产股、石油股跌幅居前，富力地产跌超10％，中国恒大跌超7％，中海油跌近7％。,
333,2020-03-19 16:10:07,【任泽平：美股、债券抛售加剧 金融危机前兆已出现】恒大研究院首席经济学家任泽平表示，美股、债券、商品甚至黄金都在抛售加剧，说明流动性危机——金融危机的前兆已经出现，要做好应对金融危机的准备，疫情全球大流行只是导火索，根源是全球经济、金融、社会的脆弱性。2008年国际金融危机至今，12年过去了，美国、欧洲主要靠量化宽松和超低利率，导致资产价格泡沫、债务杠杆上升、居民财富差距拉大、社会撕裂、政治观点激化、贸易保护主义盛行。,
334,2020-03-19 16:09:13,【工信部：1-2月电信业务收入小幅增长 数据及互联网业务收入占比稳步提升】据工业和信息部3月19日消息，1-2月电信业务收入小幅增长，累计完成2242亿元，同比增长1.5%，增速同比回落0.4个百分点，但较上年末增幅提高0.7个百分点。数据及互联网业务收入占比稳步提升，三家基础电信企业完成固定数据及互联网业务收入375亿元，同比增长6.3%，在电信业务收入中占16.7%，占比同比提高0.7个百分点，拉动电信业务收入增长1个百分点。,
335,2020-03-19 16:08:29,2020年3月19日（周四）欧洲市场股市指数（盘初）。,
336,2020-03-19 16:06:25,  航空和邮轮股今年以来跌幅（截止本周三美股收盘）：捷蓝航空（JetBlue JBLU）: -59%；美国航空 （American Airlines AAL）: -59%；达美航空（Delta DAL）: -60%；美国联合航空（United Airlines UAL）： -76%；嘉年华邮轮（Carnival CCL）: -81%；皇家加勒比邮轮（Royal Caribbean RCL）: -83%；挪威邮轮（Norwegian NCLH）： -87%。,
337,2020-03-19 16:06:18,上金所：自2020年3月19日（星期四）收盘清算时起，Ag（T+D）合约的保证金比例由19%调整至16%，下一交易日起涨跌幅度限制由18%调整至15%。,
338,2020-03-19 16:05:11,希腊5年期债券收益率跌超200个基点。,
339,2020-03-19 16:04:10,蔚来汽车盘前跌7%；昨日公布的第一季度营收指引不及预期。,
340,2020-03-19 16:03:56,【农业农村部：超八成饲料企业已复工】农业农村部畜牧兽医局副局长魏宏阳表示，截至3月16日，饲料生产企业复工率达到87%，其中排名前100位的饲料企业复工率达到99%。饲料基本能满足需求。,
341,2020-03-19 16:02:56,美股抗疫概念股BioNTech今日盘前跌7.61%；该股昨日收涨38.14%，本周累涨近200%。,
342,2020-03-19 16:02:09,波音美股盘前续跌4%；昨日该股收跌约18%。,
343,2020-03-19 16:01:16,欧股周四开盘涨跌不一，德国DAX指数跌0.3%，英国富时100指数跌0.1%，欧洲斯托克50指数涨1.05%。,
344,2020-03-19 16:00:06,法国卫生部官员：可能延长封锁期。,
345,2020-03-19 15:59:20,【除武汉外，湖北省内所有市县疫情均为低风险】与16日相比，4个中风险市县（钟祥市、黄石市城区、黄冈市城区、鄂州市城区）转为低风险。（湖北日报）,
346,2020-03-19 15:57:37,南非股指回吐涨幅，现跌0.7%。,
347,2020-03-19 15:56:58,中国银行间隔夜回购加权平均利率跌近12基点，势将创2009年来新低。,
348,2020-03-19 15:55:43,俄罗斯报告在莫斯科发生首例与新型冠状病毒有关的死亡病例。,
349,2020-03-19 15:55:13,美元指数DXY持续拉升，日涨幅扩大至0.85%，较日低回升约90点。,
350,2020-03-19 15:55:03,美思德：2019年全年实现净利润7204万元，同比增长76.47%；拟10转4派2.2元。,
351,2020-03-19 15:53:25,外资今日通过沪股通和深股通净卖出102.2亿元A股，连续7个交易日净卖出，为自2020年3月13日以来最高。,
352,2020-03-19 15:51:59,天山生物业绩快报：2019年全年亏损6295万元，上年同期亏损19.46亿元。上年度因2018年大象事件爆发，公司按预计可收回金额计提长期股权投资减值准备约17.95亿元，本报告期减值金额大幅下降所致。,
353,2020-03-19 15:51:45,【今年以来全国报告4起非洲猪瘟疫情 较去年同期下降明显】农业农村部畜牧兽医局副局长魏宏阳表示，今年以来非洲猪瘟疫情发生强度较去年明显下降。截至目前，今年共报告4起非洲猪瘟疫情，其中1起涉及野猪，3起涉及家猪。捕杀生猪总数324头，而去年同期发生13起非洲猪瘟疫情，扑杀19.7万头生猪。,
354,2020-03-19 15:49:51,【商务部：近期将印发做好农产品卖难应对工作的通知】商务部表示，我们将继续加强横向协作、纵向联动，一方面发挥消费扶贫、产销对接扶贫和电商扶贫优势，多措并举拓宽农产品销售渠道，另一方面坚持特事特办、急事急办，全力化解农产品滞销卖难风险，巩固提高脱贫攻坚成效，助力打赢脱贫攻坚战。近期，两部门还将联合印发做好农产品卖难应对工作的通知，对全年工作进行部署。,
355,2020-03-19 15:49:38,法国财长勒梅尔：欧洲央行最近采取的措施是正确的。,
356,2020-03-19 15:48:10,日本首相安倍晋三：奥运会必须确保运动员和观众健康安全。从未提出推迟或取消东京奥运会。希望战胜病毒，并举办奥运会。,
357,2020-03-19 15:45:49,中国建筑：公司近期获得144.5亿元重大项目，项目金额合计占2018年度经审计营业收入的1.2%。,
358,2020-03-19 15:45:31,印尼央行行长Warjyo：仍有进一步降息空间。,
359,2020-03-19 15:43:57,【牛津经济研究院：美国有史以来持续时间最长的经济扩张已经结束】牛津经济研究院：从2009年6月到2020年3月，美国有记录以来持续时间最长的经济扩张已经结束。随着经济收缩将以一种深远而持续的方式进行，我们相信，美国经济正处于衰退之中。,
360,2020-03-19 15:43:54,印尼央行：目前已买入大约195万亿印尼盾的政府债券。,
361,2020-03-19 15:43:09,【农村农业部回应非洲猪瘟疫苗进展】农业农村部畜牧兽医局副局长魏宏阳回应非洲猪瘟疫苗进展时表示，目前确实有不同的机构都取得了一些积极的进展，也已经有这个单位向农业农村部提出开展临床实验的申请，我们正在组织专家指导这些申请单位，完善临床实验的方案，争取尽快的开展临产实验工作。,
362,2020-03-19 15:42:44,希腊十年期国债收益率重挫107个基点至2.86%。,
363,2020-03-19 15:42:31,【济南推出2000万元文化惠民消费券，促进文旅产业振兴】济南市委市政府19日举行新闻发布会，通报该市疫情防控期间森林防火、景区疫情防控工作和复工复产情况。济南市财政安排文化旅游扶持专项资金1亿元，统筹用于扶持文旅企业渡过难关、促进文旅产业振兴。此外，面向旅游景区、旅行社、影剧院、演艺场所、书店等文旅企业推出2000万元惠民消费券，拉动文旅消费。（中新网）,
364,2020-03-19 15:41:11,【国家发改委：纠正以环保名义搞无猪市无猪县】国家发改委农经司副司长邱天朝称，落实生猪养殖用地政策，对于把不符合要求的耕地或其他土地划入永久基本农田的，经县级相关部门核实后允许发展生猪养殖，并结合永久基本农田核实整改工作，及时进行补划；简化和规范生猪养殖的环评管理，对于以环保名义擅自搞无猪市、无猪县的，要坚决予以纠正。,
365,2020-03-19 15:38:39,【美银基金经理调查：全球基金股票持仓急挫35% 疫情为最大尾部风险】美银证券3月17日公布的3月份调查结果显示，全球基金经理平均现金持仓比例由2月的4.1%，上升至5.1%，仅略低于2008年金融危机期间的5.5%，表明将会增持现金的经理，净比例增加32个百分点至41%，创该下调查有纪录以来最大增幅。基金经理们认为，新冠肺炎疫情是市场面临的最大“尾部风险（tail risk）”，尾随其后的主要风险则包括货币宽松政策的无效、2020年美国总统大选以及债券市场泡沫。“最拥挤交易”（most crowded trade）是增持避险资产美国国债。（21世纪经济报道）,
366,2020-03-19 15:35:43,意大利、德国十年期国债收益率利差进一步收窄至79个基点，势将创2011年12月欧债危机以来最大单日降幅。,
367,2020-03-19 15:34:14,【商务部：一段时间内外贸企业或遇到订单减少等问题】商务部表示，目前，新冠肺炎疫情在全球呈现蔓延之势，一些国家生产、消费等领域受到冲击，贸易活动减少，全球经济下行压力加大，在今后一段时间内，外贸企业可能将遇到外需不振、订单减少等问题。为把疫情对外贸企业的影响降到最低，商务部会同各地方、各部门密集出台稳外贸政策，重点运用世贸组织规则允许的财税、金融、出口信保等手段支持外贸企业保市场、保订单，引导企业做好风险防范。,
368,2020-03-19 15:32:22,纳指期货率先转涨，现涨0.5%；此前一度跌约4.3%。道指期货、标普500指数期货均跌0.63%；此前一度均跌5%。,
369,2020-03-19 15:32:02,各位交易者下午好！3月19日欧盘交易时段即将展开，提醒您留意以下信息。,
370,2020-03-19 15:29:47,【标普：预计美国一季度增速为-1.0% 二季度增速大幅萎缩至-6.0%】标普全球评级：社交隔离对消费支出的影响和对企业投资的压制效应，叠加低油价对能源基础设施投资的冲击 ，以及旅游禁令的扩大，意味着美国第一季度经济增速为-1.0%，第二季度GDP增速将大幅收缩至-6.0%，美国经济进入衰退。仍然预计今年下半年将出现U型复苏，尽管只有疫情爆发的路径才能决定复苏何时开始。2020年全年的GDP增速将为零 (相比之下，我们在12月的预估为1.9%)。,
371,2020-03-19 15:28:54,【RCEP进度会否受到影响？商务部回应】商务部：RCEP各方都在按照领导人的指示，致力于年底签署RCEP协定。中方将与各方一道，努力推动协定如期签署。我们还将加快推进中日韩自贸区谈判，加大中国—海合会自贸协定谈判力度。,
372,2020-03-19 15:28:36,印尼央行：加强对现货、境内不可交割远期市场和债市的干预。,
373,2020-03-19 15:27:38,小米集团董事长兼CEO雷军：我们产线已全面复工，产能全开。,
374,2020-03-19 15:27:05,【商务部：发挥跨境电商等贸易新业态、新模式优势】商务部表示，欧美、日韩等一些中国重要的贸易伙伴受到疫情影响，给双边贸易活动的正常开展带来压力。中国将继续深化与全球各国的经贸务实合作，将发挥跨境电商等贸易新业态优势。同时，我们也将下大力气，精准实施扶助政策，助力企业稳住国际市场，重点做好以下几方面工作：一是发挥双边经贸合作机制作用，营造良好的国际贸易环境。二是综合运用财税、金融、出口信保政策支持。三是支持地方、行业组织、贸促机构为企业提供必要的法律和信息服务。四是发挥跨境电商、市场采购等贸易新业态、新模式优势。,
375,2020-03-19 15:26:47,【汉莎航空将削减95%的运力 称疫情带来前所未有的威胁】德国汉莎航空公司将削减95%的运力，停飞700架飞机，这家欧洲最大航空公司面对着新冠病毒疫情带来日益加剧的危机。“疫情令整个世界经济和汉莎航空陷入前所未有的紧急状态，”汉莎航空首席执行官Carsten Spohr周四说。“没有人能预见到结果。我们必须采取严厉的、有时是痛苦的措施来应对这一特殊情况。”,
376,2020-03-19 15:25:57,腾讯控股尾盘涨幅扩大至4%，报347.6港元。,
377,2020-03-19 15:25:39,印尼央行将7天期逆回购利率从4.75%下调至4.50%。,
378,2020-03-19 15:23:41,希腊十年期国债收益率跌49个基点至3.45%。,
379,2020-03-19 15:23:05,法国兴业银行CEO Oudea：欧洲央行的措施是强力且良好的回应。,
380,2020-03-19 15:22:17,日本内阁官房长官菅义伟：日本天皇推迟访英日程，将讨论新日程安排。,
381,2020-03-19 15:22:07,意大利两年期国债收益率大跌近110个基点，势将创1996年以来最大单日跌幅。,
382,2020-03-19 15:21:45,意大利、德国十年期国债收益率价差收窄至近100个基点，为三周新低。,
383,2020-03-19 15:21:15,【机构分析】欧元承压，料英镑将进一步下挫，看涨美日，预计还将进一步上行，料美瑞短期持稳，美加将进一步上扬，澳元RSI指标已跌破30水平。一图囊括六大货币对的走势预测。,
384,2020-03-19 15:20:29,【机构分析】看跌美油、现货黄金，预计还将进一步下行，料现货白银、DAX指数将进一步下跌，标普500指数RSI指标指向不明，倾向看跌。一图囊括五大品种的走势预测。,
385,2020-03-19 15:20:15,机构数据：本周二，纽约、洛杉矶、旧金山、西雅图、华盛顿、波士顿和多伦多的在线餐厅预订降至零。,
386,2020-03-19 15:19:28,法国10年期债券收益率大跌31个基点至0.043％。德国十年期国债收益率跌9个基点至-0.33%。,
387,2020-03-19 15:19:07,巴基斯坦证交所发言人：将在今日公布新的股市熔断规则。,
388,2020-03-19 15:18:29,印尼央行：将通过货币操作加强三重干预。,
389,2020-03-19 15:18:11,【除湖北外，全国66.7%的重点外贸企业复产率超70%】商务部介绍，随着一系列复工复产政策逐步落地见效，全国重点外贸企业复工呈现加速恢复态势。据统计，除湖北外，全国66.7%的重点外贸企业复产率超过70%。,
390,2020-03-19 15:17:28,【商务部：加快压减全国和自贸试验区外资准入负面清单】商务部表示，下一步，我们将围绕稳住外资基本盘，从5方面加大工作力度：一是推动进一步扩大开放。加快压减全国和自贸试验区外资准入负面清单，持续扩大外资市场准入；加快修订《鼓励外商投资产业目录》，增加鼓励条目，提升开放广度和深度。二是落实各项稳外资政策措施。三是建设高质量开放平台。四是提升投资促进水平。五是持续优化外商投资环境，实施好《外商投资法》及配套条例，建立外商投资服务体系，健全外资企业投诉工作机制，做好招商、安商、稳商工作。,
391,2020-03-19 15:17:12,2月份访问日本的旅客大降58.3％，创下自2011年地震以来最大降幅。,
392,2020-03-19 15:16:37,意大利十年期国债收益率重挫逾100个基点，各期限国债收益率集体走低。,
393,2020-03-19 15:15:38,【最近7日境外输入病例占新增总数的84.55%】国家卫健委新闻发言人米锋表示，最近7日，境外输入病例数占新增确诊病例总数的84.55%。国际疫情快速蔓延带来的输入性风险增加，要落实外防输入重点任务。扩散提醒：戴好口罩，严防严控，不要放松！（央视新闻）,
394,2020-03-19 15:14:36,【商务部：近期即将发文支持生活服务企业加速复工】商务部市场建设司司长朱小良介绍，为加速住宿餐饮等生活服务企业复工营业，商务部将重点从以下几个方面发力：一是正在会同相关部门研究对生活服务业分区分级分类复工的通知，排除复工营业的不合理限制，支持生活服务企业加速复工，近期即将印发。二是督促地方商务主管部门强化服务，配合相关部门及时发布、解释国家和地方出台的各项支持措施，帮助企业用好用足各项政策。三是指导地方通过“点对点、一站式”直达式运输等方式帮助员工返城返岗，尽快解决企业用工难题。,
395,2020-03-19 15:13:37,【发改委：预计今年CPI会呈现前高后低的态势】国家发展改革委价格司副司长表示，在当前和今后一段时间生猪产能稳步恢复的情况下，猪肉供应将得到改善，猪肉价格也会随之回落。工农业产品供应比较充足，服务业发展迅速，物价保持平稳运行的基础牢固，预计今年CPI会呈现前高后低的态势，全年物价运行总水平总体将保持在合理区间。,
396,2020-03-19 15:13:22,意大利30年期国债收益率在欧洲央行的举措后下滑了90个基点，各期限国债收益率普跌，此前意大利各期限国债期货价格大涨。,
397,2020-03-19 15:11:40,2020年3月19日（周四）投机情绪指数。,
398,2020-03-19 15:10:23,印尼央行：预计2020年全球经济增速2.5%，此前预期3%。预计2021年全球经济增速3.7%，此前预期3.4%。,
399,2020-03-19 15:09:25,【商务部：目前全国生活必需品市场供应总体充足】商务部市场建设司司长朱小良介绍，目前，全国生活必需品市场供应总体充足，粮油价格运行基本平稳，肉类价格小幅波动，蔬菜和禽蛋价格持续下降。湖北生活必需品市场供应总体充足，库存保持稳定，米面油、禽肉及婴幼儿奶粉等动态库存可满足30天以上销售，猪肉、鸡蛋、牛奶等动态库存可满足15天以上销售。武汉生活必需品供给充裕，供应状况进一步改善。市政府组织投放储备冻猪肉5000余吨，较好地平抑了猪肉价格。,
400,2020-03-19 15:08:44,意大利国债期货开盘飙升，之前欧洲央行出台疫情应对措施。,
401,2020-03-19 15:02:22,俄罗斯MOEX股指高开2.3%。,
402,2020-03-19 15:02:06,【收评：指数下探回升沪指跌1% 5G概念股表现强势】总体上，板块个股涨多跌少，市场情绪由冷转热，赚钱效应较好。从盘面上看，零售、数据中心、光刻胶居板块涨幅榜前列，白酒概念、机场航运、口罩板块跌幅榜前列。,
403,2020-03-19 15:01:17,【国内期市收盘普跌 有色品种领跌】国内期市收盘普遍飘绿。沪铜、沪铝封死跌停，棉花跌停；化工品午后小幅反弹，沥青跌超8%，燃油跌超7%，原油跌近5%；农产品涨跌不一，豆油涨近1.5%，黄大豆一号收涨逾1%；菜粕、豆粕均跌超1%。,
404,2020-03-19 14:58:57,印尼盾兑美元跌4.3%至15850，创亚洲金融危机以来最低水平。,
405,2020-03-19 14:56:57,工信部发布支持中小企业应对新冠肺炎疫情指引。,
406,2020-03-19 14:56:45,半导体板块临近收盘大涨，上海新阳、乾照光电涨停，赛腾股份逼近涨停，南大光电涨7.65%，扬杰科技、深康佳A等跟涨。,
407,2020-03-19 14:55:56,欧股期货收复失地，德国DAX指数期货翻红，英国富时100指数跌幅收窄至0.65％。,
408,2020-03-19 14:54:39,澳元兑美元AUD/USD日内强势翻红，此前一度大跌4.6%，澳洲联储主席洛威在发布会上表示愿意干预汇市。,
409,2020-03-19 14:51:58,现货黄金短线冲高，站上1490美元/盎司，日涨幅扩大至0.3%。,
410,2020-03-19 14:51:04,欧洲斯托克50指数期货跌幅收窄至0.2%，德国DAX指数期货跌幅收窄至0.2%。,
411,2020-03-19 14:50:33,【油价25元很低么？机构称最低将跌至12美元！】行业咨询公司FGE的董事长Fereidun Fesharaki接受采访时表示，由于沙特阿拉伯向市场上释放大量的原油供应，石油价格势将跌至每桶12-18美元。,
412,2020-03-19 14:49:54,恒指再度跌超3%。,
413,2020-03-19 14:38:57,【北向资金净流出超90亿元】北向资金午盘持续流出，截至目前，净流出超90亿元。其中，沪股通净流出超50亿元。,
414,2020-03-19 14:38:24,韩元兑美元跌近2.6%，创2009年1月2日以来最大单日跌幅。,
415,2020-03-19 14:37:07,摩根大通：近两周，债券和股票同时遭到抛售意味着，美国养老金融资赤字 (Pension deficit funding) 的状况已经翻了一番。,
416,2020-03-19 14:32:46,韩国KOSPI指数3月19日（周四）收盘下跌124.06点，跌幅7.80%，报1467.14点。,
417,2020-03-19 14:31:06,美元指数DXY触及101水平，日涨幅收窄至不足0.3%。,
418,2020-03-19 14:30:52,【世卫组织启动大型全球性COVID-19临床试验】日前，WHO总干事谭德塞博士在例行新闻发布会上宣布，WHO和它的合作伙伴将开展一项全球性大型临床试验，检测多项候选疗法治疗COVID-19患者的疗效。这一大型国际性研究的目的是产生研究人员需要的强大数据，以比较哪些候选疗法最为有效。WHO将它称为“团结”临床试验（SOLIDARITY trial）。（上证报）,
419,2020-03-19 14:29:58,意大利总理孔特：欧洲央行的措施是对紧急情况的强有力回应。,
420,2020-03-19 14:29:44,德国经济部长阿尔特迈尔：欧洲应采取协同行动支撑经济。希望在下周明确为小型企业提供额外援助的措施。,
421,2020-03-19 14:26:11,德国DAX指数、英国富时100指数期货跌幅均收窄至1.6%。,
422,2020-03-19 14:25:25,恐慌指数VIX期货涨幅收窄至8.2%。,
423,2020-03-19 14:24:31,德国经济部长阿尔特迈尔：希望市场看到，在欧洲央行采取行动后，欧洲会渡过危机。欧洲央行的行动表明欧洲决心支撑经济。,
424,2020-03-19 14:23:50,【斗鱼第四季度总营收20.6亿元 同比增长77.8%】斗鱼今日发布了2019年第四季度及全年未经审计的财务报告。财报显示，2019年Q4斗鱼总营收20.6亿元，同比增长77.8%；非美国通用会计准则下录得净利润1.86亿元，同比增长180%，连续四个季度盈利。,
425,2020-03-19 14:23:30,美国联邦航空管理局（FAA）：内华达州拉斯维加斯市麦卡伦国际机场暂时关闭。麦卡伦国际机场一名航空管制员新冠病毒检测结果呈阳性。,
426,2020-03-19 14:20:48,快讯：创业板指涨幅逾1％，深证成指涨近0.6％。,
427,2020-03-19 14:20:44,恒指跌幅缩窄至2%；早盘恒指一度跌超5%。,
428,2020-03-19 14:19:49,澳元兑美元AUD/USD涨破0.57水平，短线涨约70点，澳洲联储主席洛威讲话后持续拉升。,
429,2020-03-19 14:18:15,中兴通讯港股短线持续拉涨，涨幅扩大至10％；中兴通讯A股现涨逾8％。,
430,2020-03-19 14:18:09,国债期货跌幅持续扩大，10年期主力合约跌0.43%，5年期主力合约跌0.16%。,
431,2020-03-19 14:17:42,菲律宾央行将隔夜存贷款利率维持在3.25%和4.25%不变。,
432,2020-03-19 14:15:23,土耳其里拉跌破6.50兑1美元，为2018年9月以来最低水平。,
433,2020-03-19 14:13:53,中兴通讯港股涨幅进一步扩大至7.2%，报21.7港元。,
434,2020-03-19 14:13:09,特高压概念股走强，保变电气拉升触板，特变电工、金龙羽、电科院等快速跟涨。,
435,2020-03-19 14:12:22,北上资金净流出逾80亿元。,
436,2020-03-19 14:11:40,现货黄金短线走高9美元，现报1477美元/盎司。,
437,2020-03-19 14:10:10,【内蒙：全方位排查2000年以来涉煤企业、公职人员问题】3月18日，自治区党委书记、人大常委会主任石泰峰在鄂尔多斯市主持召开自治区煤炭资源领域违规违法问题专项整治工作专题座谈会。石泰峰强调，要明确靶向聚焦靶心，紧扣中央纪委国家监委纪检监察建议指出的问题开展专项整治。要全面深入细致大排查大起底，对2000年以来涉煤领域所有企业、所有项目、所有公职人员进行全方位排查，动真碰硬真查实查，抽丝剥茧探究真相，追根溯源刨根问底，把来龙去脉、始末原委都查清楚，把问题背后的问题挖出来，做到不留死角不留空白，确保问题清仓见底。（内蒙古日报）,
438,2020-03-19 14:10:01,中兴通讯午后拉升，涨逾7%，成交额超81亿。,
439,2020-03-19 14:09:39,标普500指数期货跌幅缩窄至2.2%，此前一度跌5.3%。道指期货现跌2.41%，纳指期货现跌1.67%。,
440,2020-03-19 14:09:04,5G板块继续走强，烽火通信、武汉凡谷、中兴通讯等快速拉升，相关涨停标的近10只。,
441,2020-03-19 14:07:31,菲律宾央行下调政策利率50个基点至3.25%。菲律宾央行原定于16:00公布利率决定，本次提前公布，降幅符合预期。,
442,2020-03-19 14:07:14,菲律宾央行下调政策利率50个基点。,
443,2020-03-19 14:04:55,澳洲联储主席洛威：尚未在外汇市场进行干预，但做好了准备。,
444,2020-03-19 14:03:00,软银日股收跌17%，为1994年IPO以来最大单日跌幅。,
445,2020-03-19 14:02:21,"日本日经指数收盘下跌1％至16,552.83。",
446,2020-03-19 14:00:50,汉莎航空暂时将其763架飞机中700架停飞。,
447,2020-03-19 14:00:34,【河北省委副书记就首都机场国际航班分流工作到石家庄正定机场调研】3月17日至18日，河北省委副书记赵一德视频调度新冠肺炎疫情防控工作，强调要积极应对境外疫情快速扩散形势，以更严举措、更实作风抓好防境外输入工作。副省长徐建培、夏延军参加调度并讲了意见。赵一德、徐建培、夏延军18日上午还专门就首都机场国际航班分流石家庄正定机场应对处置准备工作到石家庄正定机场调研检查，实地考察定点隔离远机位、旅客入境查验区和定点隔离酒店情况，要求始终绷紧防控这根弦，扎实做好体温检测、流行病学调查、核酸检测、重点人员隔离等工作，牢牢守住防境外输入第一道关口。（河北日报）,
448,2020-03-19 14:00:18,日本财务大臣麻生太郎：预计日本将在控制疫情方面领先于美国。日本央行和财务省的合作关系良好。日本政府与日本央行之间的关系要远比美国政府与美联储的关系好。决策者必须以冷静的心态来应对当前的形势，而不是在市场上引发恐慌。,
449,2020-03-19 13:57:46,韩国央行将买入1.5万亿韩元的政府债券。,
450,2020-03-19 13:57:14,【成都郊区一宗土地拍卖溢价125%成交】3月19日，成都新都区三河街道一宗63.57亩土地上市拍卖，土地用途类型为纯住宅，起拍价5250元/㎡。据悉，龙湖、保利、旭辉等共16家房企报名参与拍卖，最终上海大发房地产集团有限公司以11800元/㎡楼面价拿下该地块，溢价幅度达到124.76%。就在8天前（3月11日），成都一楼盘项目取得预售证，本批次准售房源共360套，吸引了有超过1万人报名参与摇号购房，普通购房者摇中概率仅为1.45%。,
451,2020-03-19 13:54:32,澳洲联储主席洛威：政策利率将维持在当前水平，至少三年。,
452,2020-03-19 13:54:22,印度卢比兑美元跌破75，跌幅近0.6%，为历史首次。,
453,2020-03-19 13:54:10,日本20年期国债收益率涨至0.340%，为2019年5月以来最高水平。,
454,2020-03-19 13:51:10,澳洲联储主席洛威：在现金利率方面已经竭尽所能。,
455,2020-03-19 13:49:57,据俄新社，俄罗斯否认在莫斯科实行宵禁的传言。,
456,2020-03-19 13:47:02,创业板指翻红，深证成指跌幅缩窄至0.72%。,
457,2020-03-19 13:45:24,澳洲联储主席洛威：希望与政府、宏观审慎监管局和金融管理办公室协同合作。在非常时期，任何措施都有可能。,
458,2020-03-19 13:45:01,新加坡股指跌5%至2009年7月以来新低。,
459,2020-03-19 13:43:36,【菲律宾总统杜特尔特将进行自我隔离】3月19日，菲律宾参议员克里斯托弗·吴（BONG GO）称，由于菲律宾卫生部长杜凯因接触到确诊病例而自我隔离，总统杜特尔特近日曾和杜凯共同参加会议，因此也将进行自我隔离，直到杜凯的新冠病毒检测结果出炉。在隔离期间，总统将继续办公，并接受医生的监护。（央视新闻）,
460,2020-03-19 13:39:59,【北向资金净流出超70亿元】北向资金午盘持续流出，截至目前，净流出超70亿元。其中，沪股通净流出超40亿元。,
461,2020-03-19 13:34:56,中国台湾加权指数3月19日（周四）收盘下跌537.33点，跌幅5.83%，报8681.34点，创2016年7月以来低位。,
462,2020-03-19 13:34:08,印度SENSEX指数、NIFTY指数跌幅收窄至4.3%。,
463,2020-03-19 13:33:26,法国总统马克龙在社交媒体发言，表示他全力支持欧洲央行最新的行动。,
464,2020-03-19 13:30:36,澳洲联储主席洛威：在加息之前将先取消收益率控制目标。预计出现大规模失业。金融监管机构明日将再次举行会议。,
465,2020-03-19 13:30:14,澳洲联储主席洛威：无法更新经济预期，情况波动太大。预计经济活动和收入面临重大打击，可能持续数月。一旦疫情受控，预计经济将恢复。,
466,2020-03-19 13:30:06,券商股午后拉升，中银证券涨停，国金证券、华安证券等跟涨。,
467,2020-03-19 13:28:05,中银证券强势封板，成交额超28亿。,
468,2020-03-19 13:27:28,5G板块走强，富春股份拉升封板，邦讯技术、国脉科技、同益股份、武汉凡谷等跟涨。,
469,2020-03-19 13:27:19,澳洲联储主席洛威：购债计划将在二级市场进行。不会直接从政府手中购买债券。目标是购买不同期限债券。债券购买将取决于市场状况和价格。,
470,2020-03-19 13:26:00,日本央行副行长雨宫正佳：如有需要，日本央行已经做好毫不犹豫采取宽松措施的准备。在当前这样的时期，日本央行最大的职责是稳定金融体系，支持企业融资。,
471,2020-03-19 13:25:37,券商板块午后异动拉升，中银证券涨8.13%，国金证券涨4.44%，红塔证券、南京证券等跟涨。,
472,2020-03-19 13:22:25,【白云机场：近期返程国际客流还会增加，进港航班基本满座】3月19日上午，广州市政府新闻办举行第47场疫情防控新闻通气会（境外来穗人员服务保障专题）。广州白云国际机场股份有限公司运控中心党委书记黄斌表示，随着境外华人、华侨回国人数增多，机场防止境外疫情输入的压力增大。近期，白云机场入境旅客不断增加，通过广州中转到国内其他城市的人数和占比也明显在上升。黄斌还介绍，白云机场的国际进港航班和国际出港航班呈现出明显差异，出港的客座率比较低，但进港的航班基本满座，大部分是以留学生和在广州转机的人为主。（南方都市报）,
473,2020-03-19 13:21:51,澳洲联储主席洛威：目前显然处在非常时期，将使出浑身解数以打造通往复苏之桥。定期融资计划和三年期国债收益率目标都是重要的政策发展，这在常规情况下是不会考虑的。委员会预期政策利率（现金利率）将在未来数年内维持在当前水平，但并非永久性维持。,
474,2020-03-19 13:21:18,亚太航空公司协会（AAPA）：亚洲的航空公司面临600亿美元的营收缩水。,
475,2020-03-19 13:20:14,澳大利亚ASX200指数3月19日（周四）收盘下跌170.30点，跌幅3.44%，报4782.90点。,
476,2020-03-19 13:19:05,日本央行副行长雨宫正佳：新冠肺炎疫情对许多经济体造成了影响。疫情发展不确定性极高，必须仔细观察市场影响。疫情对全球经济产生很大影响，导致市场不稳定。一旦疫情受控，日本经济将反弹。但疫情影响可能还会持续一段时间。,
477,2020-03-19 13:17:44,日本石油协会主席：仍未能预见油价底部。,
478,2020-03-19 13:15:59,【默克尔称疫情为二战以来最大挑战 呼吁国民严守防疫要求】截至18日晚，德国境内确诊感染新冠肺炎的人数已超过1.2万人。德国总理默克尔当晚在向国民发表的电视讲话中形容疫情是德国自二战结束以来最大的一次挑战。她呼吁国民严格遵守政府为防疫推出的各项规定和限制性措施，减少病毒在德国传播的速度。（国是直通车）,
479,2020-03-19 13:12:25,国债期货跌幅扩大，10年期主力合约跌0.31%，5年期主力合约跌0.11%。,
480,2020-03-19 13:12:08,【美国自18日起暂停全球大多数国家的常规签证办理】美国国务院发言人18日表示，受新冠肺炎疫情影响，自18日起，美国暂停全球大多数国家的所有常规签证服务。路透社评论说，这是前所未有的举动，可能会影响数十万人。美国国务院没有透露停止签证服务的国家或数量，但美国驻韩国、南非、德国、西班牙等十多个国家的使馆网站上宣布停止或大幅减少签证服务。（人民日报）,
481,2020-03-19 13:11:17,【摩洛哥新增5例新冠肺炎确诊病例 累计确诊54例】摩洛哥卫生部18日晚公布，该国当天新增5例新冠肺炎确诊病例，总数达54例。在当晚的新闻发布会上，摩洛哥卫生大臣哈立德·艾伊特·塔莱卜介绍说，目前摩洛哥出现的新冠肺炎病例仍主要为国外输入病例，但本地传染病例也开始出现，这要求国人在日常生活中需要更加注意。不过，他认为目前摩洛哥的疫情仍然处在第一阶段。只有当确诊病例超过500人时，卫生部才会认为疫情进入第二阶段。（央视）,
482,2020-03-19 13:07:49,中国移动午后拉升，跌幅缩窄至4.3%，报46.7港元。2019年净利润超出预期。,
483,2020-03-19 13:06:22,光刻机（胶）板块午后爆发，怡达股份、西陇科学涨停，强力新材涨5.39%，同益股份涨4.89%，晶瑞股份、上海新阳等跟涨。,
484,2020-03-19 13:06:09,【北向资金净流出超50亿元】北向资金午盘持续流出，截至目前，净流出超50亿元。其中，沪股通净流出超32亿元。,
485,2020-03-19 13:05:55,新西兰总理阿德恩：禁止所有非新西兰居民入境，禁令自今日午夜起生效。,
486,2020-03-19 13:05:28,半导体板块午后异动拉升，西陇科学涨停，江丰电子涨6.77%，圣邦股份涨0.23%，金力泰、鼎龙股份等跟涨，此前文一科技、台基股份、飞凯材料涨停。,
487,2020-03-19 13:04:34,【特斯拉等沪上汽车企业基本恢复正常生产】据上海市经济和信息化委员会19日发布的消息，目前，上海规模以上共8家整车企业以及600余家零部件企业已全部复工，沪上汽车企业目前已基本恢复正常生产。据介绍，上海市经济和信息化委员会等相关方成立了特斯拉上海超级工厂专项复工小组，并匹配工作专员，为特斯拉筹措了2台红外测温仪、1万只口罩；相关方还协调住房，解决特斯拉上海超级工厂新员工的住宿问题，以及重点地区来/返沪员工的集中隔离安排。,
488,2020-03-19 13:01:36,"菲律宾股票指数收盘下跌13.3％至4,623.42点，创下自1987年以来最大单日跌幅，盘中一度跌超24%。",
489,2020-03-19 12:56:04,澳大利亚总理莫里森：政府正在采取措施应对疫情，将在未来数日宣布经济措施。将对非澳大利亚国民、居民实施旅行禁令，禁令将于当地时间周五晚21:00生效。,
490,2020-03-19 12:55:56,2020年3月19日（周四）投资大佬动态一览。,
491,2020-03-19 12:52:01,墨西哥报告首例新冠肺炎死亡病例。,
492,2020-03-19 12:47:16,"【宁夏全面恢复大型商业综合体及批发、农贸市场经营】3月18日，宁夏回族自治区应对新冠肺炎疫情工作指挥部正式印发《关于加快建立同疫情防控相适应的商业物流秩序实施方案》，明确各地要在抓好疫情防控的同时，分类分项放开商业经营，全面恢复大型商业综合体、批发市场和农贸市场，分类有序恢复物流业、零售业、餐饮业、住宿业、酒店业,有序加快恢复服务业经营。（央视）",
493,2020-03-19 12:47:09,"【19日0时至12时 北京新增1例境外输入确诊病例】3月19日0时至12时，新增报告境外输入确诊病例1例, 为美国输入病例。 截至3月19日12时，累计报告境外输入确诊病例65例，治愈出院病例6例。3月19日0时至12时，无新增报告本地新冠肺炎确诊病例。（新华社）",
494,2020-03-19 12:46:33,【泰山景区3月21日8时起恢复开放】从泰山景区恢复开放新闻发布会了解到，自3月21日8时起，泰山景区红门、天外村游览线路恢复24小时开放，桃花峪游览线路，岱庙、红门宫等文物保护单位的露天区域及天外村、红门、桃花峪等停车场恢复运营。央视）,
495,2020-03-19 12:46:25,【安徽合肥从明天起有序开放室内外体育场馆】根据合肥市新冠肺炎疫情防控形势和逐步恢复生产生活秩序有关工作要求，为进一步加快体育场馆向社会开放，满足人民群众日常健身需求，决定自3月20日起，合肥全市的室内外体育场馆有序恢复开放。（央视）,
496,2020-03-19 12:42:37,【中国移动：今年5G套餐客户目标净增7000万户】中国移动已设置了“四轮”发展具体目标，分别是，在个人市场，5G套餐客户净增7000万户（2019年末为255万户）；在家庭市场，家庭宽带客户净增1200万户（2019年末为1.72亿户）；在政企市场，政企客户突破1300万户（2019年末为1028万户）；在新兴市场，推进国际业务布局、加强股权投资运作、提升数字内容能力、探索金融科技应用。,
497,2020-03-19 12:41:08,巴基斯坦股市盘初触发熔断。,
498,2020-03-19 12:39:46,  【中国移动：今年资本开支预算为1798亿元 5G相关投资计划约1000亿元】为满足建设领先的5G网络、打造云战略基础设施以及支撑CHBN四轮发展等需要，公司2020年资本开支预算为1798亿元。其中，5G相关投资计划约1000亿元。今年中国移动将积极推进5G建设，力争2020年底5G基站规模累计达到30万站以上，基本实现全国地市以上城区5G覆盖。,
499,2020-03-19 12:36:21,印度10年期国债收益率上升10个基点至6.4%。,
500,2020-03-19 12:33:42,韩国：债券稳定基金的规模将超过10万亿韩元，下周将披露计划细节。,
501,2020-03-19 12:33:08,巴基斯坦股市开盘下跌5.1%，至8月19日以来最低。,
502,2020-03-19 12:32:40,  澳大利亚S&P/ASX200指数跌3.8%至2016年2月15日以来新低。,
503,2020-03-19 12:31:19,东京奥运组委会主席森喜朗与确诊感染新冠病毒的官员有过会面。（路透）,
504,2020-03-19 12:27:40,  澳大利亚总理莫里森和澳大利亚国库部长弗赖登伯格将在当地时间15:45（北京时间12:45）举行新闻发布会。,
505,2020-03-19 12:26:58,日本央行在另一场计划外操作中提出购买3000亿日元5-10年期国债。,
506,2020-03-19 12:24:44,韩国财长：将在必要时采取稳定汇市和股市的措施。,
507,2020-03-19 12:22:13,  布鲁克林篮网队官微：假的，此消息不属实（回应有关篮网队欧文、勒弗特与丁威迪确诊新冠肺炎的消息）。,
508,2020-03-19 12:21:41,【广东：中国籍和来粤前14天有重点国家旅居史外籍旅客均隔离14天】从3月19日零时起，广东所有从国外入境来粤的中国籍旅客，以及在来粤之前14天内，有韩国、意大利、伊朗、日本、德国、法国、美国、西班牙、英国、泰国、菲律宾、瑞士、瑞典、比利时、挪威、荷兰、丹麦、奥地利、马来西亚等19个国家旅居史的外国籍旅客，都要实施居家或集中隔离医学观察14天的防控措施。 （新华社）,
509,2020-03-19 12:21:05,  【两部门：确保所有建档立卡贫困户需改造的危房6月底前全部竣工】住房和城乡建设部办公厅、国务院扶贫办综合司近日印发通知，要求对2019年已下达尚未竣工的存量任务以及“回头看”排查出的新增任务等农村危房改造扫尾任务逐户建立台账，统筹用好提前下达的2020年中央财政农村危房改造补助资金，确保所有建档立卡贫困户需改造的危房2020年6月底前全部竣工。（央广）,
510,2020-03-19 12:18:19,【我国出口印度超大直径盾构机启运】18日，中国铁建重工集团制造的一台直径达12.19米的超大直径盾构机装车发出，通过海运运往印度孟买，用于孟买沿海公路隧道建设。（新华社）,
511,2020-03-19 12:17:39,  ATP和WTA发布联合声明，受到新冠肺炎疫情影响，2020职业网球赛季将暂时推迟到6月7日，选手的积分排名暂时冻结。（新华社）,
512,2020-03-19 12:15:17,中国移动：将努力克服新冠肺炎疫情给业务发展和5G建设带来的影响。,
513,2020-03-19 12:12:43,韩国财长：将设立债券稳定基金。,
514,2020-03-19 12:10:08,  印度尼西亚央行在拍卖中购买6万亿印尼盾的政府债券。,
515,2020-03-19 12:07:29,日本央行在计划外操作中放款2万亿日元。,
516,2020-03-19 12:06:51,"中国移动全年营运收入7,459亿元人民币，市场预估7,411.7亿元；全年净利润1,066亿元，市场预估1,054.4亿元。",
517,2020-03-19 12:05:34,  韩国首尔综合指数跌9.5%。,
518,2020-03-19 12:05:27,  道指期货跌幅扩大至5%。,
519,2020-03-19 12:03:14,  国家外汇局：国家外汇管理局决定，将外债便利化试点范围扩大至上海（自由贸易试验区）、湖北（自由贸易试验区及武汉东湖新技术开发区）、广东及深圳（粤港澳大湾区）等省、市。同时，进一步提高北京市中关村科学城海淀园区的外债便利化水平。,
520,2020-03-19 12:00:20,马斯克：如果出现短缺，特斯拉将生产呼吸机.,
521,2020-03-19 12:00:02,  国家外汇管理局扩展外债便利化试点，支持高新技术企业跨境融资。,
522,2020-03-19 11:58:44,韩国创业板指（KOSDAQ）期货暂停卖单指令。,
523,2020-03-19 11:54:56,亚马逊：纽约发货中心确诊一例冠状病毒感染病例。,
524,2020-03-19 11:54:34,【美联储启动紧急计划 为货币市场共同基金提供支持】美联储周三晚间表示，随着新冠病毒疫情带来的影响持续波及整个金融市场，它将启动一项计划为货币市场共同基金提供支持。美联储根据紧急授权制定的这项名为“货币市场共同基金流动性便利”的计划效仿的是全球金融危机时期的类似做法。财政部将提供100亿美元的信贷保护。,
525,2020-03-19 11:51:17,美国财长姆努钦称向美联储主席致信，批准成立MMLF。,
526,2020-03-19 11:49:12,印度SENSEX指数和NIFTY指数一度下跌6.3%。,
527,2020-03-19 11:48:45,布鲁克林篮网队病毒检测结果公布， 凯里·欧文、卡里斯·勒弗特、 史宾赛·丁威迪三人病毒检测结果呈阳性。（界面）,
528,2020-03-19 11:48:26,  印度SENSEX指数和印度NIFTY指数下跌5.4%。,
529,2020-03-19 11:48:03,  美国股市周三抛售加剧，道指回吐特朗普就职以来所有涨幅。,
530,2020-03-19 11:45:28,软银跌幅一度扩大至18%，创2000年3月以来最大跌幅。,
531,2020-03-19 11:43:29,印度新冠病毒确诊病例增至166例。,
532,2020-03-19 11:42:26,澳大利亚联储：将继续向金融市场提供流动性；将投入至多150亿澳元以支持中小企业贷款。,
533,2020-03-19 11:41:54,  澳元兑美元继续走高，日内跌幅缩窄至2.9%，此前一度跌逾4%。,
534,2020-03-19 11:41:40,  武汉：允许无疫情小区居民分批、分时段、分楼栋，在小区内进行非聚集性个人活动；无疫情的村（队）可有序恢复村民生活秩序，开展农业生产。（央视新闻）,
535,2020-03-19 11:40:55,武汉：允许无疫情小区居民分批、分时段、分楼栋，在小区内进行非聚集性个人活动；无疫情的村（队）可有序恢复村民生活秩序，开展农业生产。（央视新闻）,
536,2020-03-19 11:36:23,澳大利亚10年期国债收益率飙升128个基点，创纪录最大涨幅。,
537,2020-03-19 11:35:35,澳大利亚联储：国债购买将于明天实施。,
538,2020-03-19 11:33:54,澳大利亚联储：在就业、CPI取得进展之前，将不会上调现金利率。,
539,2020-03-19 11:33:32,【午评：三大指数触底回升沪指跌2.14% 零售板块活跃】临近上午收盘，部分抄底资金入场，指数走势明显回升。盘面上，光刻胶概念大幅走强、半导体概念小幅回弹，市场情绪得以安抚。零售、数据中心、光刻胶居板块涨幅榜前列，白酒概念、机场航运、口罩板块跌幅榜前列。,
540,2020-03-19 11:32:40,澳大利亚联储：3年期国债目标收益率在0.25%左右。,
541,2020-03-19 11:31:35,美联储称将推出货币市场共同基金流动性工具。,
542,2020-03-19 11:30:46,【澳大利亚联储宣布降息25个基点】澳大利亚联储公布利率决议，将4月现金利率下调25个基点至0.25%，预期0.25%，前值0.50%。,
543,2020-03-19 11:27:58,韩国KOSPI和KOSDAQ指数恢复交易，此前触发熔断。,
544,2020-03-19 11:27:44,【斐济出现首例新冠肺炎确诊病例】斐济卫生部长伊费雷伊米·瓦卡伊纳贝特19日在个人社交网络账号上发文表示，斐济出现首例新冠肺炎确诊病例。该患者为输入病例，曾有近期海外旅行记录。瓦卡伊纳贝特同时证实，该患者已被立即隔离，目前正在追踪排查密切接触人员。（央视）,
545,2020-03-19 11:24:53,  【摩根大通拟暂时关闭1000家分支机构】摩根大通银行周三发给员工的备忘录显示，摩根大通银行将暂时关闭约1000家（约占20％）银行分支机构，以保护员工并减少冠状病毒的传播。从周四开始，剩余的4000家分支机构将照常营业，但营业时间将缩短。,
546,2020-03-19 11:23:57,【香奈儿停产 关闭意法瑞三国生产基地】继爱马仕等奢侈品公司后，法国奢侈品世家香奈儿也决定关闭欧洲多个工厂。香奈儿日前宣布已经停产，并将逐步关闭位于法国、意大利和瑞士三个国家的生产基地，关门时间为两周。,
547,2020-03-19 11:20:00,【韩国Kospi和Kosdaq指数均在跌幅超过8％后暂停交易】韩国Kospi指数下跌8％触发熔断机制，交易将从当地时间下午12:05起暂停20分钟。如果该指数下跌逾15％，可再次触发熔断机制。Kosdaq指数暴跌逾8％，也暂停交易20分钟。,
548,2020-03-19 11:18:20,  【韩国今起对所有入境旅客实施“特别入境”检疫程序】据新京报，当地时间19日0时起，韩国政府将“特别入境检疫程序”适用范围扩大至全球所有国家和地区，所有入境人员不分国籍均须接受此前韩国政府实行的“特别入境检疫程序”后方可进入韩国。所有入境人员不分国籍抵达韩国后在机场指定区域首先要接受一对一的发热检查，并须填写健康状况调查表。,
549,2020-03-19 11:17:59,【日本19日新增新冠肺炎确诊病例3例 累计924例】据日本放送协会消息，根据日本各地的地方自治团体和厚生劳动省通报的数据，截至当地时间19日上午十一点半，19日新增新冠肺炎感染者3人，在日本国内新冠肺炎感染者达到910人，加上包机归国的确诊病例14例，感染者共924人。19日新增1位感染者死亡病例，目前日本国内感染新冠肺炎患者的死亡人数为32人。,
550,2020-03-19 11:16:09,  截至目前，北向资金净流出超40亿元。,
551,2020-03-19 11:14:14,新加坡交易所印度NIFTY 50指数期货跌幅扩大至5.1%。,
552,2020-03-19 11:13:15, 【印尼国企部将从中国进口新冠肺炎快速检测盒】据央视新闻，18日，印尼国企部发言人阿尔亚宣布，印尼一家国企公司已经在3月10日向印尼卫生部递交了一份进口申请，拟从中国进口50万只新冠肺炎快速检测盒，以应对印尼快速增长的新冠疫情。他说，一旦手续获得批准，印尼将立即派飞机前往中国杭州取货，预计两天就可以回来。,
553,2020-03-19 11:07:10,标普500指数期货下跌5%。,
554,2020-03-19 11:06:56,澳元兑人民币汇率跌破4关口，日内贬值超3% 。,
555,2020-03-19 11:06:28,韩国KOSDAQ交易暂停，此前指数下跌超过8%。韩国KOSPI指数下跌触发熔断。,
556,2020-03-19 11:04:58,快讯：两市持续下挫沪指跌3％，创业板跌2.5％。,
557,2020-03-19 11:04:55,钯价下跌超过5%，因抛售加剧。,
558,2020-03-19 11:04:44,  上证指数跌幅扩大至3%，  白酒、保险、旅游、家用电器、地产等权重股全线重挫。深证成指跌3.06%，创业板指跌2.48%。,
559,2020-03-19 11:04:04,港股航空股跌幅扩大至10%。中国南方航空股份跌12.72%，中国国航跌11.34%，国泰航空跌9.2%，中国东方航空股份跌9.09%。,
560,2020-03-19 11:03:24,  【天津城市公园陆续开放】在做好疫情防控的同时，天津水上公园3月18日恢复开园。（新华社）,
561,2020-03-19 11:03:04,  现货黄金下破1470美元/盎司，日内跌1%。,
562,2020-03-19 11:02:54,  三个月期伦铜期货下跌7.6%，报4383美元/吨，为2016年1月以来新低。,
563,2020-03-19 11:02:04,  上证50跌超4%。,
564,2020-03-19 11:01:26,恒指跌幅扩大至5％，内房股大跌，中国恒大跌超16％，融创中国跌超12％，万科企业、碧桂园跌近10％。,
565,2020-03-19 11:01:01,恒生指数跌幅扩大至5%，日内跌幅约1100点，为2016年7月以来最低。恒生国企指数目前跌5.5%，红筹指数跌6.1%。,
566,2020-03-19 10:59:38,  韩国综指跌幅扩大至7%，刷新2009年7月以来新低。,
567,2020-03-19 10:57:33,  恒指跌逾千点，为2016年7月以来最低。,
568,2020-03-19 10:57:25,【奥地利新冠肺炎累计确诊1646例 奥总理：欧洲内部团结并未发生作用】据奥地利卫生部网站消息，截至当地时间3月18日15时，奥地利共有确诊病例1646例，24小时内新增314例。奥地利总理库尔茨接受奥媒体采访表示，如奥政府措施有效，疫情增长趋势一周后有望发生变化，但经济社会生活恢复正常仍需时日。疫情过后，世界将有所不同，民众相处和生活方式会受到深远影响。疫情面前，欧洲内部团结并未发挥作用，危机过后各方必须就此进行讨论。（央视）,
569,2020-03-19 10:54:42,【人社部：已有1亿农民工外出务工】人社部副部长李忠在新闻发布会上表示，在各方共同努力下，各地企业复工率和员工到岗率稳步提升，已有1亿农民工外出务工，占春节前返乡农民工的80%。在失业保险援企稳岗方面，已有128万户企业享受到失业保险稳岗返还186亿元，惠及职工4230万人。,
570,2020-03-19 10:54:17,  北上资金持续流出，累计净流出超30亿。,
571,2020-03-19 10:52:31,美国股指期货跌幅扩大，标普500指数期货跌3.5%。,
572,2020-03-19 10:52:00,  【美国联邦监狱首次报告新冠确诊病例】CNN消息，当地时间18日，美国联邦监狱系统首次报告新冠肺炎确诊案例，新罕布什尔州和得克萨斯州联邦监狱均有工作人员新冠病毒检测结果阳性。此前，地方监狱已有犯人和管理人员确诊，感染者包括纽约州和佐治亚州的惩教人员以及囚犯。感染病例增加加剧了新冠疫情在监狱狭小空间内蔓延的担忧。,
573,2020-03-19 10:51:31,在期货下跌后，韩国KOSPI程式卖盘指令暂停。,
574,2020-03-19 10:50:42,【受新冠肺炎疫情影响 马来西亚宣布取消2020马来西亚国际旅游年活动】当地时间18日晚，马来西亚旅游、艺术及文化部宣布，受新冠肺炎疫情全球肆虐的影响，取消2020马来西亚国际旅游年（Visit Truly Asia Malaysia Year 2020）活动。另据悉，2020马来西亚国际旅游年活动于2019年12月31日正式被推介，其目标是吸引3000万人次的游客来大马观光消费并带来1000亿林吉特（约合1600亿元人民币）的收入。（央视）,
575,2020-03-19 10:49:48,【印尼股市大跌5%后暂停交易 之前印尼盾重挫】印尼股市周四暴跌5.01%，触发股市交易暂停，这是六个交易日内的第四次暂停；之前该国货币下跌至亚洲金融危机以来的最低水平后。雅加达综合指数跌至4113.647，为2015年9月以来最低。印尼盾跌至1美元兑15315盾，为1998年7月以来的最弱水平。根据印尼证券交易所的规则，交易将在暂停30分钟后恢复。如果在市场重新开放后该指数触及10%的熔断器，则交易可以再暂停30分钟。,
576,2020-03-19 10:47:55,  【甘肃5公职人员私接境外人员回国被行拘】据甘肃临夏市公安局，五名公职人员因私自接回境外输入确诊病例，已触犯《中华人民共和国治安管理处罚法》相关规定。公安机关依法决定分别给予马某、马某琼、谢某忠、丁某、马某武行政拘留七日的处罚。同时，对五人违法违纪问题，已由同级纪检监察机关依纪依规进行处理。,
577,2020-03-19 10:47:34,  中国台湾加权指数下跌6.3%，为2016年7月以来新低。,
578,2020-03-19 10:45:59,  【纽约市长喊话特朗普：不要再拖延 尽快派军队建设医院】当地时间3月18日，美国纽约市市长白思豪（BilldeBlasio）在接受CNN采访时向美国总统特朗普发出呼吁，称应尽快在纽约、西雅图和加利福尼亚州等疫情严重地区部署军队，以进行医院建设和物资运输等重要任务。,
579,2020-03-19 10:41:43,新西兰政府将暂停超过100人的室内聚集活动。措施不适用于办公场所、学校和超市。,
580,2020-03-19 10:41:00,【约翰斯·霍普金斯大学：美国新冠肺炎病例数破9000】美国约翰斯·霍普金斯大学发布的实时统计数据显示，截至美国东部时间18日22时（北京时间19日10时），美国新冠肺炎确诊病例累计9077例，死亡145例。（新华社）,
581,2020-03-19 10:40:13,【人社部：2月三项社会保险费减免累计1239亿元】人力资源和社会保障部副部长李忠19日在人社部专题新闻发布会上表示，2月份减免养老、失业、工伤三项社会保险费，累计1239亿元。其中，中小微企业受益最大，中小微企业因免征社保费直接受益942亿元，大型企业因减收社保费直接受益209亿元。从2月份实际执行的情况来看，效果很好。2月-6月预计减免额在5000亿元以上，实际减免效果可能还会大于预期。,
582,2020-03-19 10:39:32,  人社部：明天将启动百日千万网络招聘活动，集中推送上千万个岗位信息，通过组织大规模的公益网络招聘活动，助推稳就业和复工复产。,
583,2020-03-19 10:38:27,印尼股市跌5%，触发交易暂停。,
584,2020-03-19 10:36:53,恒指跌幅扩大至4％，恒指成份股全线下挫。,
585,2020-03-19 10:36:18,斯里兰卡周四将继续关闭股市。,
586,2020-03-19 10:35:55,快讯：沪指触及2685点，创年内新低。,
587,2020-03-19 10:35:05,LME铜价跌幅扩大至5%以上，跌势加剧。,
588,2020-03-19 10:34:33,  恒指跌幅扩大至4%，恒指成份股全线下挫。,
589,2020-03-19 10:34:03,  内盘原油期货主力合约触及跌停，跌幅10%。,
590,2020-03-19 10:33:38,欧洲斯托克50期货跌幅达6.66%，德国DAX指数期货跌3.69%，英国富时100指数期货跌2.87%。,
591,2020-03-19 10:33:08,  美国三大股指期货跌幅继续扩大，其中，道指指数期货跌超3.3%。,
592,2020-03-19 10:31:18,韩国总统文在寅：银行将延长小企业债务的期限。,
593,2020-03-19 10:29:54,韩国总统文在寅下令规模50万亿韩元的经济措施，以应对疫情带来的冲击。,
594,2020-03-19 10:28:39,  欧股期指普跌，欧洲斯托克50指数期货、法国CAC40指数期货均跌超6%。,
595,2020-03-19 10:28:16, 【人社部：中小微企业因免征社保费直接受益942亿元】人力资源社会保障部副部长李忠在发布会上表示，在社保助企“免减缓”方面，2月份减免养老、失业、工伤三项社会保险费，累计1239亿元。其中，中小微企业受益最大，中小微企业因免征社保费直接受益942亿元，大型企业因减收社保费直接受益209亿元。,
596,2020-03-19 10:27:34,湖北省发布《关于在全省范围内认可外省健康码的通知》：拥有外省健康码的人员，在湖北境内“亮码通行”，小区（村组）、防疫卡点查验健康码、测温正常即予放行，不得再设置障碍。,
597,2020-03-19 10:25:29,恒指跌幅扩大至3％，“三桶油”和航空股持续下行。,
598,2020-03-19 10:23:19,【中国军队向伊朗武装力量援助抗疫医疗物资】为帮助伊朗抗击疫情，中国军队向伊朗武装力量紧急提供核酸检测试剂盒、防护服和一次性医用外科口罩等医疗物资，上述物资于3月19日运抵伊朗。病毒没有国界，环球同此凉热。中国军队将与世界各国军队一道共同应对全球性安全挑战，为推动构建人类命运共同体贡献积极力量。（国防部发布）,
599,2020-03-19 10:21:19,  美国股指期货恢复跌势。道指期货和标普500指数期货跌超2%，纳指期货跌1.4%。,
600,2020-03-19 10:20:38,美元/墨西哥比索涨2%，至创纪录高点24.1864。,
601,2020-03-19 10:18:53,  三个月期伦锡期货跌4.2%，报13000美元/吨，为2009年7月以来新低。,
602,2020-03-19 10:18:37,越南VN指数跌2.2%。,
603,2020-03-19 10:17:45,美元/南非兰特一度上涨2%，至17.4424。,
604,2020-03-19 10:17:26,【贵州贵阳18日起有序开放餐饮场所 恢复堂食】根据最新调控措施，贵州省贵阳市从昨天起有序开放餐饮场所，在继续鼓励外卖送餐的同时，除学校内部餐饮场所外的餐饮场所（含餐饮夜市、咖啡馆、茶馆等）可恢复堂食。进入人员须佩戴口罩、扫描“贵州健康码”，分散就餐，避免聚集。（央视）,
605,2020-03-19 10:16:32,美元/日元一度上涨1.3%至109.49，创2月28日以来最高。,
606,2020-03-19 10:16:01,美国股指期货恢复跌势，标普500指数期货合约跌1.5%。,
607,2020-03-19 10:15:36,WTI原油跌破22美元/桶，日内跌1.79%。布伦特原油短线走低逾0.8美元，跌幅扩大至2.6%，报25.76美元/桶。,
608,2020-03-19 10:13:59,菲律宾比索兑美元跌0.9%。,
609,2020-03-19 10:13:51,新西兰10年期国债收益率涨31个基点，创2013年以来最大涨幅。,
610,2020-03-19 10:13:40,  燃油期货主力合约跌幅达9.91%，首次跌至1350元/吨下方。,
611,2020-03-19 10:12:47,【北京发布进一步严格境外进京人员管控3条措施 不再受理入境人员居家隔离申请 】北京新冠肺炎疫情防控工作领导小组办公室发布进一步严格境外进京人员管控3条措施。从即日起，所有境外进京人员，均应转送至集中观察点进行14天医学观察，费用自理。对70周岁及以上的老年人、14周岁及以下的未成年人、孕产妇、患有基础性疾病等原因不适宜集中观察的，经严格评估后，可以进行居家观察。不再受理有单独住所且住所内没有其他同住人员的居家观察申请。 （北京日报）,
612,2020-03-19 10:11:49,【印尼股票指数跌至四年多来最低】雅加达综合指数连续第四个交易日下跌，一度下跌4％，至2015年9月以来最低。,
613,2020-03-19 10:10:55,商品期货上演跌停潮，截至发稿，沥青、PTA、乙二醇、塑料、聚丙烯、苯乙烯、沪铜、沪铝、沪锡和棉花封死跌停；燃油、沪锌触及跌停。,
614,2020-03-19 10:09:59,【工信部印发《中小企业数字化赋能专项行动方案》】方案目标为，坚持统筹推进新冠肺炎疫情防控和经济社会发展，以新一代信息技术与应用为支撑，以提升中小企业应对危机能力。,
615,2020-03-19 10:09:15,  【最高人民检察院依法对徐光决定逮捕】最高检19日消息，河南省人民政府原党组成员、副省长徐光涉嫌受贿一案，由国家监察委员会调查终结，移送检察机关审查起诉。日前，最高人民检察院依法以涉嫌受贿罪对徐光作出逮捕决定。该案正在进一步办理中。,
616,2020-03-19 10:08:59,  澳大利亚S&P/ASX200指数下跌1.9%，为2016年2月26日以来新低。,
617,2020-03-19 10:08:15,"韩国KOSPI指数大跌5.8%，跌破1,500点。",
618,2020-03-19 10:07:26,彭博美元即期汇率指数上涨0.7%，触及纪录高点。,
619,2020-03-19 10:06:57,  韩国称，外汇市场的羊群效应过多。从基本面来看，外汇单边走势过度。,
620,2020-03-19 10:05:41,离岸人民币兑美元跌幅扩大至0.4%，现报7.1033。,
621,2020-03-19 10:02:31,韩国股市跌幅继续扩大，KOSPI股指跌超5％。,
622,2020-03-19 10:02:10,  印尼基准股指跌3%。,
623,2020-03-19 10:01:51,澳元兑美元重挫4.6%，报0.5510美元，创2002年以来最弱水平。,
624,2020-03-19 10:00:58,韩国KOSPI股指跌超5%。,
625,2020-03-19 10:00:35,  恒指跌幅扩大至2%，“三桶油”和航空股走软。,
626,2020-03-19 10:00:25, 纳指期货抹去涨幅。至此，美国三大股指期货均翻绿。,
627,2020-03-19 09:59:53,  澳元兑美元AUD/USD短线走低逾100点，现报0.5533，日内跌4.31%。,
628,2020-03-19 09:59:42,菲律宾股指恢复交易后跌幅扩大至24％。,
629,2020-03-19 09:59:41,  韩元兑美元下跌2.7%，为2009年以来最低水平。,
630,2020-03-19 09:59:16,菲律宾股市在休市两日后，于今日开盘后暴跌24%，一度触发熔断，录得33年来最大单日跌幅，截至目前本月跌幅累计达40%，为亚洲表现最差的股市。,
631,2020-03-19 09:57:52,据海外网，美国新冠肺炎确诊病例达8525例，145人死亡。,
632,2020-03-19 09:57:11,【美媒：美国新冠肺炎确诊病例达8525例 145人死亡】据美国CNN报道，根据美国国家和地方卫生机构、政府和美国疾病控制和预防中心的数据，美国至少已出现8525例新冠肺炎确诊病例，145人死亡。（海外网）,
633,2020-03-19 09:55:59,【印尼央行在外汇银行间市场进行直接干预】印尼央行货币管理执行总监Nanang Hendarsah指出，该央行正在直接干预市场，通过提供美元来稳定印尼盾。,
634,2020-03-19 09:55:20,【台积电宣布一员工确诊新冠肺炎 但不影响公司营运】据台湾“中央社”报道，晶圆代工厂台积电18日宣布，有一名员工确诊新冠肺炎，目前已入院进行诊治。报道称，台积电内部决议启动分组办公营运模式因应，并表示这不影响公司营运，相关细节以公开信息为主。台湾地区流行疫情指挥中心今（18）日公布，岛内新增23例新冠肺炎病例，再创单日新高，台湾地区累计确诊100例。（海外网）,
635,2020-03-19 09:54:37,【第二届联合国全球可持续交通大会延期】第二届联合国全球可持续交通大会组委会办公室宣布，由联合国主办，我国政府承办，原定于2020年5月5日至7日在北京举行。疫情发生以来，大会组委会和联合国保持密切沟通，高度关注疫情对大会造成的影响。根据当前疫情态势，大会组委会和联合国协商确定，推迟举办第二届联合国全球可持续交通大会。,
636,2020-03-19 09:54:26,【北马其顿总统宣布全国紧急状态】斯科普里消息：北马其顿总统彭达罗夫斯基18日宣布全国实施为期30天的紧急状态，以加强防控新冠肺炎疫情。（新华社）,
637,2020-03-19 09:50:35,快讯：沪指跌近1％，一度下破2700点。,
638,2020-03-19 09:50:05,  上证50跌逾1.5%，创年内新低。,
639,2020-03-19 09:49:35,  沪指跌近1%，破2700点。,
640,2020-03-19 09:48:05,美国总统特朗普周四将造访联邦紧急事务管理署(FEMA)总部，将在FEMA总部与各州长就新冠疫情举行电话会议。,
641,2020-03-19 09:47:44,快讯：三大股指下挫翻绿，口罩、白酒、土地流转等跌幅靠前。,
642,2020-03-19 09:47:29,  【中国援法医疗物资运抵巴黎】中国政府援法医疗物资18日运抵巴黎戴高乐机场。这批物资根据法方需要提供。中国驻法国大使卢沙野说，在中国抗疫的紧要关头，法国提供了宝贵的支持和帮助，当前包括法国在内欧洲疫情形势严峻，中国愿提供力所能及的帮助。这是患难见真情的真实写照，也是中法友好合作关系高水平的生动印证。 （新华社）,
643,2020-03-19 09:47:03, PTA期货主力跌停，跌幅5%。沥青期货主力跌超9%。,
644,2020-03-19 09:46:43,恒指低开低走，现跌1.4%，失守22000点关口，为2017年1月以来首次。,
645,2020-03-19 09:44:57,  A股三大股指悉数翻绿。,
646,2020-03-19 09:44:47,  菲律宾证券交易所将在9:45恢复交易。,
647,2020-03-19 09:43:53,快讯：贵州茅台盘中一度跌破千元。,
648,2020-03-19 09:43:51,【韩国单日新增确诊人数再破百！股市加速下跌 韩国股市创2009年以来最低！】韩国中央防疫对策本部19日通报，截至当地时间19日0时，韩国新增新冠肺炎确诊病例152例，累计确诊感染病例升至8565例。韩国单日新增病例在连续四天维持在100之内后，再次跃上三位数。此外，受隔夜华尔街行情影响，加之投资者对全球新冠肺炎疫情加剧的担忧，韩国股市19日早盘延续跌势。19日早盘韩国股市高开后加速下跌，截至9:16分，KOSPI200指数下跌3.26%，创2009年以来最低水平。（央视）,
649,2020-03-19 09:42:12,花旗：对腾讯保持乐观，因游戏业务在流行病冲击时具有防御性和韧性，将有利公司中长期增长；下调公司目标价4.8%至461港元，重申买入评级 。,
650,2020-03-19 09:40:40,【湖北省人员省内流动除健康码外不得附加条件】针对湖北省内人员流动需要提交的材料繁多、申报难等问题，湖北省副省长曹广晶昨天表示，人员流动除了健康码之外，不得再附加其他的条件。目前，湖北省的健康码与其他省市的健康码存在无法共享的问题。对此，曹广晶说，希望兄弟省市对于湖北省外出打工的、中低风险地区的、持有健康码的人员，不要再附加其他的条件。（央视）,
651,2020-03-19 09:38:49,【特斯拉同意削减加州工厂正常上班员工数量】据外媒报道，特斯拉同意减少加州工厂的正常上班员工数量，但也在商讨采取其他措施，以符合地方政府为阻止冠状病毒传播所采取的封城举措。此前加州警方称，特斯拉不得在封城期间正常运营美国工厂。,
652,2020-03-19 09:37:41,菲律宾股市在下跌12%后停牌。,
653,2020-03-19 09:37:15, 【意大利又有一名市长因新冠肺炎去世】当地时间18日，在意大利疫情严重的贝尔加莫省，又有一名市长因感染新冠病毒不幸去世。据当地媒体报道，梅佐尔多市市长拉伊蒙多·巴利科早前因感染病毒而在家中休养了两周，近几日他的病情恶化，于18日凌晨在家中病逝。巴利科曾是意大利越野赛跑国家队教练，也是前几日意大利首位因新冠肺炎去世的市长乔尔吉奥·瓦洛蒂的好友。（央视）,
654,2020-03-19 09:36:59,花旗： 上调普拉达两级至买入，目标价由19港元上调至24港元；公司产品新颖性和创造力的提高以及严格的减价管理正在产生积极的效果，同店销售额(LFL)和销售质量明显改善。,
655,2020-03-19 09:32:52,  菲律宾基准股指恢复交易后下跌12.4%。,
656,2020-03-19 09:32:36,零售股开盘走强，华联股份、三江购物、友阿股份、华联综超、新华都等涨停。,
657,2020-03-19 09:27:05,亚洲投资级美元债券利差扩大约20个基点。,
658,2020-03-19 09:26:56,【墨西哥卫生部：墨西哥Covid-19确诊病例数升至118例 】 墨西哥卫生部官员Jose Luis Alomia在当地时间周三晚的新闻发布会上说，墨西哥确诊的新冠肺炎病例数上升至118例。,
659,2020-03-19 09:26:10,【阿根廷新增新冠肺炎病例19例 累计97例 金融市场遭重创】当地时间3月18日，阿根廷卫生部发布公告，该国新增新冠肺炎确诊病例19例，累计达97例。受到疫情影响，阿根廷金融市场再次出现严重下滑。18日当天，阿根廷股市下跌14.5%，国家风险指数超过4000。阿根廷国家石油公司（YPF）的股票本月累计下跌68%，市值跌破10亿美元，为历史最低。（央视）,
660,2020-03-19 09:25:51,三大股指开盘涨跌不一，沪指跌0.34％，深成指跌0.06％，创业板涨0.62％。,
661,2020-03-19 09:23:10,英镑延续跌势，一度跌1%至1.1488美元。,
662,2020-03-19 09:22:17,日本内阁官房长官菅义伟：为运动员和观众筹备安全的东京奥运会。,
663,2020-03-19 09:21:54,  恒指低开0.32%；腾讯控股开涨约2.6%，第四季度营收高于市场预期。,
664,2020-03-19 09:21:10,港股恒指低开跌0.32％，国企指数跌0.87％。,
665,2020-03-19 09:18:03,日本央行于周四宣布在计划外购买1万亿日元的日本国债。日元涨幅扩大，上破109，日内涨幅达0.88%。,
666,2020-03-19 09:17:20,  央行未开展逆回购操作，因今日无逆回购到期，实现零投放零回笼。,
667,2020-03-19 09:17:00,  人民币兑美元中间价较上日调降194点至7.0522，中间价贬值至2019年10月31日以来最低。,
668,2020-03-19 09:16:51,  美元兑日元一度上破109，日内涨幅达0.86%。,
669,2020-03-19 09:16:28,中国央行 3 月 19 日无逆回购操作。,
670,2020-03-19 09:16:12,人民币中间价报7.0522，下调194点，上一交易日中间价报7.0328，在岸人民币上一交易日收报7.0260。,
671,2020-03-19 09:14:38,  【昨日新增34例确诊全部为境外输入 严防！】3月18日0—24时， 新增报告境外输入确诊病例34例（北京21例，广东9例，上海2例，黑龙江1例，浙江1例）。截至3月18日24时，累计报告境外输入确诊病例189例。 （央视）,
672,2020-03-19 09:12:49,日本央行在计划外的操作中招标购买债券。日本央行提议在计划外的操作中购买1万亿日元日本国债。,
673,2020-03-19 09:12:04,  苯乙烯期货主力跌停，跌幅9%。塑料、PP、乙二醇主力触及跌停。,
674,2020-03-19 09:12:03,【好消息！湖北新增确诊病例为0 新增治愈795例】国家卫健委：3月18日湖北新增确诊病例0例，新增治愈出院病例795例（武汉733例），新增死亡病例8例（武汉6例）。,
675,2020-03-19 09:11:52,  美元兑韩元涨1.7%至1266.2，为2010年6月以来新高。,
676,2020-03-19 09:11:05,韩国表示新冠病毒死亡人数上升至91人。,
677,2020-03-19 09:10:33,  【浙江新增1例境外输入病例】2020年3月18日0-24时，浙江省新增新型冠状病毒肺炎确诊病例1例（境外输入病例），新增出院病例1例。截至3月18日24时，浙江省累计报告新型冠状病毒肺炎确诊病例1233例(其中境外输入病例16例)，现有重症病例2例（其中危重1例），累计死亡1例，累计出院1217例。,
678,2020-03-19 09:09:54,  韩国新增新冠肺炎确诊病例152例，累计确诊病例8565例。,
679,2020-03-19 09:09:23,  国家卫健委：3月18日湖北新增确诊病例0例，新增治愈出院病例795例（武汉733例），新增死亡病例8例（武汉6例）。,
680,2020-03-19 09:09:11,韩国KOSPI指数下跌4%，至2009年以来最低水平。,
681,2020-03-19 09:09:08,【全国新增新冠确诊病例34例】国家卫健委：3月18日31个省（自治区、直辖市）和新疆生产建设兵团报告新冠肺炎新增确诊病例34例，新增死亡病例8例（湖北8例），新增疑似病例23例。,
682,2020-03-19 09:07:51,  道指期货和标普500指数期货抹去涨幅，分别跌0.13%、0.22%。,
683,2020-03-19 09:07:28,  三个月期伦铅期货跌2%至1646美元/吨。,
684,2020-03-19 09:07:18,  沪锡期货主力合约跌停。,
685,2020-03-19 09:07:08,  【美国国会又一名议员确诊】美国犹他州众议员本·麦克亚当斯确诊新冠肺炎。14日晚，该议员从华盛顿返回犹他州，出现流感症状，隔天开始隔离，17日进行新冠病毒测试后确诊。目前，已有2名美国国会议员感染新冠病毒。（央视）,
686,2020-03-19 09:06:39,  三个月期伦铜期货下跌2.4%，报4632美元/吨，为2016年10月以来新低。,
687,2020-03-19 09:05:13,【广东新增境外输入确诊病例9例】截至3月18日24时，广东省累计报告新冠肺炎确诊病例1378例（其中境外输入病例28例），累计出院1318例（含境外输入病例1例），累计死亡8例。18日当天全省新增境外输入确诊病例9例，其中广州5例（英国、菲律宾各输入2例、法国输入1例），深圳2例（英国输入），梅州1例（泰国输入），肇庆1例（法国输入）。新增出院6例。有668名密切接触者正在接受医学观察。,
688,2020-03-19 09:04:31,"印尼盾下跌至15,303兑1美元，为1998年以来最低。",
689,2020-03-19 09:03:34,沪铜期货主力跌停，跌幅9%，为连续第二天跌停。,
690,2020-03-19 09:03:00,澳元/美元扩大跌幅，下跌1%至0.5716。新西兰元/美元扩大跌幅，一度跌1.8%至0.5639。,
691,2020-03-19 09:01:09,  国内期市开盘大面积飘绿，苯乙烯跌超8%，原油跌近8%，沥青跌6.55%。,
692,2020-03-19 09:00:39,富时中国A50指数期货开盘上涨0.75%，隔夜夜盘收涨0.71%。,
693,2020-03-19 08:59:17,美国三大股指期货涨幅收窄，标普500指数涨0.2%，道指期货涨0.5%，纳指期货涨0.7%；此前一度均涨逾2%。,
694,2020-03-19 08:57:48,汇丰：将中国铁塔H股评级上调至持有，目标价1.60港元。,
695,2020-03-19 08:56:23,【澳航取消所有国际航班 澳航约2万人短期失业】澳洲航空及旗下捷星航空宣布：2/3的员工将从3月末到至少5月末暂时离开工作岗位，这意味着约2万人短期失业。在澳大利亚联邦政府宣布所有公民避免国际旅行后，澳洲航空已停飞了所有国际航班。目前，澳航有超过150架飞机暂时停飞，其中包括其空客A380，波音747、787等多款机型。（央视）,
696,2020-03-19 08:56:06,委内瑞拉总统马杜罗：来自中国的数千新冠病毒检测试剂盒本周将抵达。,
697,2020-03-19 08:55:44,  现货黄金短线下跌10美元，日内转跌；现货白银日内涨幅迅速缩窄至0.35%，此前一度涨逾2%，现报11.97美元/盎司。,
698,2020-03-19 08:54:32,  布伦特原油继续下挫，日内转跌，现跌0.55%。,
699,2020-03-19 08:53:47,  美、布两油短线一度下挫约0.5美元，现报22.91美元/桶和26.58美元/桶，日内涨幅分别缩窄至2.01%和0.33%。,
700,2020-03-19 08:53:39,韩国KOSPI指数跌幅扩大至2.2%。,
701,2020-03-19 08:53:06,【外交部提醒中国公民暂勿前往这15国】3月17日，外交部“领事直通车”微信公众号发布提醒称，新冠肺炎疫情在全球范围持续蔓延，部分国家和地区疫情严重。提醒中国公民充分评估出国旅行引发的感染风险，暂勿前往意大利、西班牙、法国、德国、美国、瑞士、英国、荷兰、瑞典、挪威、丹麦、奥地利、比利时、伊朗、韩国等高风险国家，目前仍在上述国家的中国公民做好自我防护，减少不必要外出，避免安排国际旅行，谨防交叉感染。（环球网）,
702,2020-03-19 08:52:37,  【捷克政府规定前往公共场所必须佩戴口罩】据央视，当地时间3月18日，捷克政府宣布，为控制新冠肺炎疫情的蔓延，从3月19日0时起，在全国室内以及户外的公共场所，必须佩戴口罩或用围巾遮住口鼻。此举意味着，民众在大街上、公园里、商店里、政府机构以及其他公共场所必须使用防护设备遮盖口鼻。,
703,2020-03-19 08:51:40,美元指数DXY重回101上方，日内涨0.24%。,
704,2020-03-19 08:51:31,  美元兑加元短线涨35点，现报1.4524。,
705,2020-03-19 08:50:58,  3月18日8时至19日8时，陕西无新增境外输入新冠肺炎确诊病例；陕西本地无新增确诊病例，本地新增疑似病例0例，治愈出院1例。,
706,2020-03-19 08:50:45,  江苏3月19日最新通报：无新增新冠肺炎确诊病例，累计治愈出院631例。,
707,2020-03-19 08:47:26,【摩根大通预计美国经济第二季度萎缩14%】摩根大通预计美国经济增速将在第一季度萎缩4%，第二季度萎缩14%。德意志银行全球经济团队称，美国第二季度GDP或将同比狂降13%。,
708,2020-03-19 08:46:24,【疫情以来湖北A股公司182次涨停】疫情来湖北A股上市公司创182次涨停，目前，A股中有108家上市公司位于湖北，其中有61家公司在武汉，占比56%。此外，荆门、荆州、黄石、仙桃、襄阳、孝感、宜昌等城市也均分布有A股上市公司。从区间涨跌幅来看，海特生物、奥美医疗、华中数控在此期间的涨幅分别为159.19%、56.41%、63.39%。（新京报）,
709,2020-03-19 08:45:52,中体产业在上海暂停交易。,
710,2020-03-19 08:45:43, 中金：中国铁塔今年将受益于下游强劲的5G网络建设需求实现收入放量增长，同时随着公司现金流的持续改善，预计今年派息率将进一步提升； 维持跑赢行业评级和2.5港元的目标价。,
711,2020-03-19 08:44:22,【孟加拉国万名信徒聚集祷告 祈求国家摆脱病毒】法新社报道，当地时间18日，孟加拉国有成千上万名信徒聚集参与祷告。他们诵读《古兰经》中的“治愈经文”，祈求让国家摆脱致命的新冠病毒。组织者称，参与祷告的人数约为25000人，但活动举办没有获得当局许可。集会照片在社交媒体上传播后招致抨击。孟加拉国目前确诊14例新冠肺炎，该国人口为1.68亿，医学专家担忧没有进行充分检测。当局已经要求民众不要前往拥挤的公共场所，避免大规模集会。,
712,2020-03-19 08:42:40,【北京新增10例境外输入病例】3月18日12时至24时，北京新增报告境外输入确诊病例 10例，其中英国3例、匈牙利3例、西班牙2例、奥地利2例。治愈出院病例1例。截至3月18日24时，累计报告境外输入确诊病例64例，治愈出院病例6例。,
713,2020-03-19 08:42:20,霍尼韦尔称，正在与美国讨论增加口罩产量。公司已经提高了口罩产量。,
714,2020-03-19 08:39:50,  欧洲斯托克50指数期货涨2.9%。,
715,2020-03-19 08:37:45,据外媒，美国国务卿蓬佩奥、加拿大外长讨论了边境管控和新冠疫情。,
716,2020-03-19 08:37:31,新西兰政府称新西兰人不应该进行海外旅行。,
717,2020-03-19 08:37:23,  欧元兑美元短线下挫逾20点至1.0909，接近回吐欧央行公布7500亿欧元资产购买计划后的全部涨幅。,
718,2020-03-19 08:37:07,【山东3月19日最新通报：新增英国输入疑似病例1例 累计治愈出院747例】3月18日12-24时，山东省本地无新增确诊病例，无新增疑似病例，累计报告确诊病例759例。2020年3月18日12-24时，山东省新增英国输入疑似病例1例，现有境外输入疑似病例1例；无新增境外输入确诊病例，累计报告境外输入确诊病例2例，均在省定点医院隔离治疗。,
719,2020-03-19 08:36:38,  3月18日0-24时，湖南省报告新型冠状病毒肺炎新增确诊病例0例。,
720,2020-03-19 08:36:21,  3月18日0-24时，海南省报告新型冠状病毒肺炎新增确诊病例0例，新增重症病例0例，新增死亡病例0例，新增出院0例。,
721,2020-03-19 08:36:11,  3月18日0-24时，河南省无新增新冠肺炎确诊病例。,
722,2020-03-19 08:35:53,【纽约州拟征用退休医务人员和医学院师生】当地时间18日，纽约州州长安德鲁·科莫召开记者发布会，称该州将尽最大力量提高医疗力量，包括增加医院床位、征用退休医务工作者和医学院师生、将部分设施临时改造成医院等。科莫同时宣布，该州禁止一个机构内超过50%的员工外出工作，除非是必要岗位，如食品业，医疗服务业，交通业等。,
723,2020-03-19 08:35:17,【澳门19日通报：新增2例输入性确诊病例 累计确诊17例】澳门新型冠状病毒感染应变协调中心19日凌晨发布消息表示，澳门新增2例新冠肺炎确诊病例，累计报告17例确诊病例。这是澳门连续第四天有新增输入性病例。,
724,2020-03-19 08:34:57,  截至03月18日，上交所融资余额报5754.54亿元，较前一交易日减少38.47亿元；深交所融资余额报4991.59亿元，较前一交易日减少52.95亿元；两市合计10746.13亿元，较前一交易日减少91.42亿元。,
725,2020-03-19 08:32:40,  【特朗普签署第二轮新冠病毒救助法案 包括免费开展病毒检测等措施】当地时间18日，美国总统特朗普签署第二轮新冠病毒救助法案，为美国应对新冠肺炎疫情推出一揽子经济援助计划。该方案重点包括免费开展新冠病毒检测、支持疫情期间带薪病假、扩大失业保险、扩大食品补助等措施。（央视）,
726,2020-03-19 08:32:04,"日本东证指数上涨3%至1,309.07点；日经225指数上涨1.94%。",
727,2020-03-19 08:31:31,上海证交所上日融资余额下跌0.7%至5754.5亿元。,
728,2020-03-19 08:30:28,澳大利亚2月份失业率5.1%，预估5.3%。,
729,2020-03-19 08:30:17,"澳大利亚2月份就业人数增加26,700人，预估6,300。",
730,2020-03-19 08:29:41,日本经济大臣西村康稔：现金派发仍处于想法阶段。,
731,2020-03-19 08:28:36,瑞信：金属可能因疫情而遭受“灾难性的”供应过剩。,
732,2020-03-19 08:23:56,【巴西新冠肺炎确诊病例达514例 访美团成员中已有17人新冠病毒检测呈阳性】截至当地时间3月18日20时，巴西20个州政府及联邦区共上报514例新冠肺炎确诊病例，仅有6个州还没有出现确诊病例。巴西访美团队中的两名部长于18日证实新冠病毒检测呈阳性。目前巴西访美团成员中已有17人新冠病毒检测呈阳性，而总统博索纳罗本人的两次检测结果均为阴性。由于近期与确诊的海伦诺有过密切接触，博索纳罗表示有可能再接受一次新冠病毒检测以确保自己没有感染。 （央视）,
733,2020-03-19 08:23:00,新西兰元/美元下跌1.1%至0.5679，为2009年以来最低。,
734,2020-03-19 08:20:30,美国总统特朗普签署第二份疫情纾困法案，正在计划更多刺激措施。,
735,2020-03-19 08:20:14,  3月18日0—24时，河北省报告无新型冠状病毒肺炎新增确诊病例，无新增死亡病例，无新增疑似病例。,
736,2020-03-19 08:19:42,【内蒙古19日最新通报：新增治愈1例 确诊患者清零】3月18日7时至19日7时，内蒙古自治区报告无新增新冠肺炎确诊病例，无新增疑似病例，新增治愈出院病例1例。,
737,2020-03-19 08:19:06,  3月18日0时至24时，辽宁省无新增新型冠状病毒肺炎确诊病例，无新增治愈出院病例。辽宁省累计报告新型冠状病毒肺炎确诊病例125例，治愈出院122例，死亡1例。,
738,2020-03-19 08:18:42,  金科文化：股东王健累计减持公司1%股份，持股比例降至13.53%。,
739,2020-03-19 08:18:26,  【凯美特气拟收购福源凯美特20%股权】凯美特气拟以2400万元受让福建福源凯美特20%的股权，交易后，公司对其持股比例将由80%增至100%。,
740,2020-03-19 08:18:05,【美国银行告知部分雇员可以远程工作 交易员等员工将继续在办公室上班】根据美国银行周三发给员工的备忘录，雇员可以远程工作，但不包括那些必须在现场办公的员工。交易员、多数分行员工以及关键运营和支持部门的员工将继续在办公室工作，一些呼叫中心的员工可以在家工作。,
741,2020-03-19 08:17:00,【今日财经日历大事件提醒】①08:30：澳大利亚2月就业人数增减、澳大利亚2月失业率；②10:00 人社部就人力资源社会保障部门应对疫情相关工作进展情况举行发布会；③11:30：澳大利亚联储货币政策声明，料降息25个基点至0.25%；④15:00 国务院联防联控机制就畜禽产品保供稳价工作情况举行发布会；⑤17:00 德国3月Ifo企业信心指数初值；⑥20:30 美国第四季度经常项目余额；⑦20:30 美国3月费城联储制造业指数；⑧20:30 美国上周首次申领失业救济人数（预估22万，前值21.1万）。,
742,2020-03-19 08:14:59,【儋州罗牛山40万头生猪养殖基地动工】3月18日，儋州罗牛山40万头生猪生态养殖基地项目在雅星镇乐贺村开工，争取今年10月投产。项目打造一条龙式自繁自养生猪生态养殖基地，是罗牛山儋州100万头生猪产业一体化项目的重要组成部分，项目投资9亿元。（海南日报）,
743,2020-03-19 08:14:39,【粤自贸区深改4.0版方案将出台】18日，广东省商务工作视频会议在广州举行。记者从省商务厅了解到，今年广东将制定推出广东自贸试验区深化改革开放4.0版方案，争取前海蛇口片区和前海深港合作区“双扩区”，优化横琴“分线管理”政策，总结形成第六批改革创新经验并向全省复制推广。,
744,2020-03-19 08:12:21,韩国KOSPI指数回吐稍早的涨幅，跌0.8%。,
745,2020-03-19 08:11:15,【IMF拒绝委内瑞拉抗疫援助贷款请求：官方政府需获承认】国际货币基金组织（IMF）17日拒绝委内瑞拉政府提出的50亿美元抗疫援助贷款申请，理由是委内瑞拉政府不受国际社会普遍承认。（新华网）,
746,2020-03-19 08:10:26,【日本副首相直言奥运会被诅咒 被批有损选手热情】据日本时事通信社18日报道，日本副首相麻生太郎当天在国会回答有关东京奥运会提问时，使用了“被诅咒的奥运会”的说法，此言论随引发争议，被指有可能伤害正在全力备战奥运选手们的热情。麻生称，自己出生于1940年，而1940年的东京奥运会因为战争而被取消，40年后的1980年莫斯科奥运会也遭到抵制。到了2020年，又是一个40年过去了，东京奥运会可能是“被诅咒的奥运会”。（海外网）,
747,2020-03-19 08:08:41,  【广西初高三4月7日开学】3月18日，广西壮族自治区新型冠状病毒肺炎疫情防控工作领导小组指挥部印发《广西高三初三年级2020年春季学期开学工作方案》。根据《方案》，全区高三、初三年级于2020年4月7日正式开学。中小学校（含幼儿园及特教学校、中职学校、技工学校）其他学段、其他年级和高校，根据分区分级精准防控的原则和错时开学错峰返校的要求，稳妥有序开学复课。,
748,2020-03-19 08:06:42,美国传染病专家FAUCI：美国新冠疫情仍处于升级阶段。,
749,2020-03-19 08:06:29,  现货钯金涨幅扩大至3%，报1643美元/盎司。,
750,2020-03-19 08:06:20,【日本单日新增41例新冠肺炎确诊病例 累计达921例】据日本放送协会(NHK)，18日，日本新增新冠肺炎确诊病例41例，新增死亡病例2例。目前，该国累计确诊病例已增至921例。  （中新网）,
751,2020-03-19 08:04:50,澳元/新西兰元一度上涨1%，3月4日以来首次上涨。,
752,2020-03-19 08:02:29,【黑龙江新增1例境外输入确诊病例】3月18日0-24时，黑龙江省新增确诊病例1例（哈尔滨报告境外输入确诊病例1例）。无新增疑似病例。新增治愈出院病例1例。无新增死亡病例。截至3月18日24时，黑龙江省报告新冠肺炎确诊病例483例，现有治愈出院病例460例。,
753,2020-03-19 08:01:57,  韩国首尔综合指数开盘上涨2.19%。,
754,2020-03-19 08:01:46,  布伦特原油开盘涨1.65%，报26.90美元/桶。,
755,2020-03-19 08:00:30,"日经225指数开盘上涨1.61%，报16,995.77。",
756,2020-03-19 07:57:47,  日本央行：多数委员认为必须要注意经济的下行风险，但达到通胀目标的动能维持不变。,
757,2020-03-19 07:57:33,  【世卫组织总干事：新冠病毒是“人类的敌人”】法新社18日报道，世卫组织总干事谭德赛表示，新冠病毒是“人类的敌人”。此外他还表示，新冠病毒疫苗的首次测试已经开始。,
758,2020-03-19 07:57:14,【美国国债和股指期货飙涨 欧央行推出7500亿欧元紧急购债计划】欧洲央行宣布启动临时紧急购债计划后，10年期美国国债期货疾速飙升，瞬间上涨超过整整一个点。标普电子迷你期货一度飙升2.5%。 欧洲央行的这项临时购债计划规模达到7500亿欧元，将一直施行到2020年底，其中将包含现有购债计划下所有符合条件的资产。,
759,2020-03-19 07:55:57,韩国将在必要时根据应急计划采取市场措施。,
760,2020-03-19 07:54:54,现货白银日内涨幅扩大至2.41%，报12.22美元/盎司；现货黄金上破1500美元/盎司，涨近1%。,
761,2020-03-19 07:54:35,"美元下跌，现货黄金重回1,500美元/盎司上方。",
762,2020-03-19 07:52:35,【加拿大新冠病毒感染病例已达727 不列颠哥伦比亚省首次超过安大略省】加拿大不列颠哥伦比亚省医疗官波尼·亨利当地时间18日下午在首府维多利亚宣布，该省新增45例新冠病毒感染病例，累计达到231例。这是该省病例首次超过安大略省。艾伯塔省随后也宣布该省新增22例新冠病毒感染病例，成为第三个病例超过100例的省。截至发稿时，根据各省公布的数字，加拿大已有727例确诊和初诊病例，死亡9例。（央视）,
763,2020-03-19 07:51:43,澳大利亚10年期国债收益率升至1.44%，创7月以来最高。,
764,2020-03-19 07:50:34,  【中海油在渤海再度寻获大油田 单口井年产原油可超40万桶！】3月18日，记者从中国海洋石油集团获悉，该公司在渤海莱州湾北部地区获得垦利6-1大型发现，是继千亿方大气田渤中19-6之后，在渤海获得的又一重大发现。垦利6-1油田具有储量规模大、油品性质好、测试产能高的特点。,
765,2020-03-19 07:50:07,  现货黄金短线拉升6美元，最高涨至1498美元/盎司，现涨0.75%。,
766,2020-03-19 07:48:42,  日经指数期货早盘涨1.5%。,
767,2020-03-19 07:48:33,  【上海新增2例境外输入病例】上海市卫健委3月19日通报：3月18日0—24时，通过口岸联防联控机制，报告2例境外输入性新冠肺炎确诊病例。截至3月18日24时，累计报告境外输入性确诊病例25例，现有17例境外输入性疑似病例正在排查中。,
768,2020-03-19 07:47:11,【阿根廷已确诊97例新冠肺炎病例】阿根廷众议院议长Sergio Massa表示，该国已确诊97例新冠肺炎病例。阿根廷对加强社会隔离措施持开放态度。,
769,2020-03-19 07:46:31,克罗地亚政府关闭边境，禁止外国人入境。,
770,2020-03-19 07:46:22,受疫情影响，日产汽车3月20日至4月6日将暂停美国工厂生产。,
771,2020-03-19 07:45:54,  美联储卡什卡利：新冠肺炎疫情可能是极具破坏性的，可能导致衰退甚至更糟糕的结果。,
772,2020-03-19 07:41:41,【美媒闹乌龙：桑德斯没有退出美国大选】美国福克斯新闻网刚刚更正消息，此前其报道“桑德斯宣布退出美国总统大选”有误，桑德斯只是中止脸书竞选广告。美国有线电视新闻网称，桑德斯还在对自己竞选进程进行评估。,
773,2020-03-19 07:40:15,美国股指期货扩大涨幅，标普500指数合约上涨2.4%。,
774,2020-03-19 07:36:29,除了头版内容，今天《人民日报》涉及财经的主要内容还包括：1、3月以来全社会发用电量明显回升，国家发改委表示——我国经济运行必将回归常态（经济新方位）；2、让农民安心春耕备耕（政策解读·有序恢复生产生活秩序）；3、多措并举提振消费（国务院联防联控机制发布会）；4、“人权卫士”实为人权灾难制造者（钟声）；5、更好发挥数字化抗疫作用（人民时评）；6、以辩证思维把握宏观调控政策（新论）；7、秉持人类命运共同体理念抗击疫情（人民要论）；8、疫情防控体现我国经济体制优势（大家手笔）；9、世卫组织呼吁——欧洲应借鉴中国经验遏制疫情；10、普京签署修宪全民公投总统令；11、美国拖欠世卫组织会费遭批评。,
775,2020-03-19 07:35:52,今天《人民日报》头版的主要内容有：1、湖北 规上工业企业复工率近50%（来自疫情防控一线的报道）；2、中共中央政治局常务委员会召开会议 分析国内外新冠肺炎疫情防控和经济形势 研究部署统筹抓好疫情防控和经济社会发展重点工作 中共中央总书记习近平主持会议；3、中国抗疫彰显负责任大国担当；4、遵义，整体脱贫；5、李克强同欧盟委员会主席冯德莱恩通电话；6、积极有序推进复工复产。,
776,2020-03-19 07:34:48,  美国三大股指期货涨幅扩大。道指期货和纳指期货均涨超2%，标普500指数期货涨1.7%。,
777,2020-03-19 07:31:10,【巴西：确诊新冠肺炎病例总数428例 死亡4例】巴西卫生部网站上的信息显示，该国确诊新冠肺炎病例总数从291例更新为428例。死亡病例数从昨天的2例上升至4例。,
778,2020-03-19 07:30:47,菲律宾股票交易所表示，市场周四下午1点关闭，交易活动将远程进行。,
779,2020-03-19 07:30:36,日本2月份整体消费物价同比上涨0.4%。,
780,2020-03-19 07:30:23,日本2月份核心消费物价同比上涨0.6%，预估为0.6%。,
781,2020-03-19 07:29:14,  WTI原油日内涨幅扩大至4.6%，现报23.4美元/桶。,
782,2020-03-19 07:27:40,澳大利亚基准股指ASX 200指数早盘一度上涨3%。,
783,2020-03-19 07:24:03,【四基金经营业绩亮相 睿远实现盈利近6000万元】基金公司2019年经营业绩渐次揭开面纱，其中，睿远基金、建信基金、金鹰基金以及南华基金等4家基金公司率先亮相。睿远基金2019年净利润实现扭亏为盈，达到5914.51万元。睿远基金在陈光明、傅鹏博、赵枫等明星基金经理的打理下，品牌效应非常明显。业内人士认为，睿远基金在成立后首个完整财年就大赚近6000万元，体现出强劲的盈利能力。（上海证券报）,
784,2020-03-19 07:23:39, 【IDC：今年全球半导体市场过半可能将同比下降6%】IDC发布最新报告称，新冠病毒疫情对全球经济的影响才刚刚开始得到重视，并对全球技术供应链产生了深刻影响。目前而言，IDC认为此事最有可能的结果是，2020年全球半导体市场收入同比下降6%，发生这种情况的可能性为54%。在这种情况下，供应链将在夏季开始复苏，届时隔离和旅行禁令将会放松。对全球半导体市场来说，这种情况下的影响将达258亿美元。,
785,2020-03-19 07:23:27,美国农业部长PERDUE表示，食品供应稳定。,
786,2020-03-19 07:20:34,伦敦交通局拟关闭多达40个地下车站。,
787,2020-03-19 07:19:16,新西兰元兑对手货币下跌，新西兰元/美元下跌0.5%至0.5713。,
788,2020-03-19 07:12:59,欧洲央行行长拉加德：非常时期需要非常的行动； 欧洲央行对欧洲的承诺是没有限制的； 决心使用所有可能的工具。,
789,2020-03-19 07:10:57,  【快讯！美国一名国会议员新冠病毒检测呈阳性】据荷兰媒体BNO刚刚消息，美国国会议员Mario Díaz-Balart新冠病毒检测结果呈阳性。Díaz-Balart刚刚在个人推特上也证实了这一消息。,
790,2020-03-19 07:10:11,澳大利亚央行在每日市场操作中注入创纪录的127亿澳元。,
791,2020-03-19 07:09:11,美国总统特朗普、副总统彭斯与医生和护士就病毒应对通话。,
792,2020-03-19 07:08:46,欧洲央行：一旦断定疫情危机阶段已经结束，管理委员会将终止根据紧急购买计划进行的资产净购买，但无论如何都不会在年底之前结束。,
793,2020-03-19 07:06:34,【约翰斯·霍普金斯大学数据：美国新冠肺炎累计确诊病例7769例 纽约州占1/3 】截至美东时间18日19:00，美国约翰斯·霍普金斯大学公布的实时疫情数据显示，美国累计新冠肺炎确诊病例为7769例，其中，118例死亡病例。确诊病例遍布全美，确诊人数最多的是纽约州，确诊2495例，死亡16人。其次是华盛顿州和加州，分别确诊1014例和751例。（央视）,
794,2020-03-19 07:05:26,  现货白银日内涨幅扩大至1%，现报12.06美元/盎司。,
795,2020-03-19 07:05:18,美元指数短线走低约17点，现报100.60，日内涨幅收窄至1.2%。,
796,2020-03-19 07:04:56,欧洲央行宣布7500亿欧元资产购买方案后，欧元兑美元涨势延续，日内涨幅现扩大至0.44%，报1.0957。,
797,2020-03-19 07:04:03,欧洲央行：已做好充分准备必要时提高资产购买规模；已完全准备好调整资产购买的构成；把符合资格的资产扩大至非银行商业票据。,
798,2020-03-19 07:00:39,美国股指期货扩大涨势，标普500指数合约上涨1.9%。,
799,2020-03-19 06:59:38,日本政府、执政党正计划超过30万亿日元的刺激方案。（日本产经新闻）,
800,2020-03-19 06:59:23,  标普500迷你电子盘期货转涨，目前上涨1.7%。,
801,2020-03-19 06:57:54,欧洲央行表示，将考虑修改量化宽松的限制。,
802,2020-03-19 06:55:30,  Wind数据显示，3月1日至15日，16个重点一二线城市成交面积较前15日（2月15日至29日）增长63%。（上证报）,
803,2020-03-19 06:54:21,欧洲央行宣布7500亿欧元的应对新冠病毒大流行的资产购买计划。,
804,2020-03-19 06:53:00,  银保监会昨日通报人保寿险、农业银行和邮储银行三家银行保险机构的行政处罚情况，并对其总公司、涉事分支机构及相关负责人合计开出618万元罚单。,
805,2020-03-19 06:52:32,  美国三大股指期货转涨，此前跌幅一度扩大至1.5%。,
806,2020-03-19 06:52:07,  欧洲央行宣布7500亿欧元流行病购买计划。,
807,2020-03-19 06:45:39,【日光盘再现 楼市回暖需时日】进入3月以来，随着疫情进一步得到控制，房地产市场逐渐迎来修复性回暖。机构监测数据显示，上周全国40个大中城市一手房合计成交230.53万平方米，环比增长45.46%，同比下降39.98%。其中，一、二、三线城市一手房成交面积环比分别增长23.63%、35.04%、88.21%。专家表示，市场仅是有所复苏，平均成交水平仍不足去年同期的一半，实现正常化仍需一定时日。（中国证券报）,
808,2020-03-19 06:44:40,  【多地迅速推进 5G建设料超预期】据中国证券报，以5G为代表的新基建备受市场关注。北京、江西、上海、深圳等多地近日部署推进2020年5G建设工作。券商分析认为，5G建设进入新阶段，产业链景气度稳步攀升，上游天线、射频器件、光模块等细分行业将优先受益。,
809,2020-03-19 06:44:26,【加码权益投资，理财子公司招揽股票研究员】据了解，工银理财、光大理财、建信理财等近日都在股票投资、交易、风控、合规等领域频频伸出橄榄枝，意图“招兵买马”成为A股市场的重要投资力量。（上证报）,
810,2020-03-19 06:39:03,  【中证报评论：适时适度调高预算赤字率】据证券时报，中国证券报头版评论称，国家统计局新闻发言人近期表示，适度调高预算赤字率是有空间的。这是有关部门首次明确回应赤字率提升问题。作为积极的财政政策的重要体现，提高赤字率以应对经济下行压力加大的必要性大幅增强，更重要的是，我国赤字率水平总体较低，政府部门债务风险总体可控，具备适时适度提升空间。,
811,2020-03-19 06:38:34,  【百亿私募密集备案新产品 逆市布局看好中国资产】据证券时报，全球市场巨震，百亿私募筹集“新子弹”整装待发。一天就有多家百亿私募完成十余只产品备案。仓位数据显示，四成百亿私募的仓位在80%以上。不少私募表示要把握危机中蕴藏的新机会，看好包括港股在内的中国资产。,
812,2020-03-19 06:38:17,  今年以来，证券行业已经完成4笔股权融资项目，涉及总规模达人民币290.75亿元。分别是中银证券15.21亿的IPO、中信证券134.6亿的增发、国海证券39.94亿的配股、东方财富73.00亿可转债以及华安证券28亿元的可转债发行。（21世纪经济报道）,
813,2020-03-19 06:37:52,【波兰新冠肺炎确诊病例增至287例，中国将无偿提供一批紧急医疗物资】根据波兰卫生部消息，截至当地时间3月18日23:00，波兰境内当天新增新冠肺炎确诊病例49例，累计确诊287例，其中包括5例死亡病例。根据波兰外交部3月17日在其官网发布的声明，并通过我驻波兰大使馆18日确认，中国政府决定无偿向波兰提供一批紧急医疗物资，其中包括1万份新冠病毒检测试剂；符合欧盟规范的2万只N-95口罩；5000套防护服；5000副医疗护目镜；10000副一次性医用手套；10000双鞋套。波兰外长查普托维奇代表波兰政府向中方表示感谢，并表示有必要与中方继续加强包括抗疫经验交流在内的各类合作。（央视新闻）,
814,2020-03-19 06:28:09,【“油”不得你想富，满仓隔夜遭穿仓】在期货市场上，激进的投资者经常会把一句口头禅挂在嘴边——“要想富，满仓隔夜是条路”。一封律师函，让最近发生在期货市场上的风险事件浮出水面。据了解，最近有多家期货公司都发生了客户穿仓，部分期货公司客户穿仓金额甚至超千万。市场的频繁剧烈波动，对期货公司客户风控提出了更高要求。（证券时报）,
815,2020-03-19 06:26:14,  全球最大黄金ETF--SPDR GoldTrust持仓较上日减少6.15吨，降幅0.66%，当前持仓量为923.69吨。,
816,2020-03-19 06:25:56,美原油扩大涨幅至12.4%，报23.41美元/桶。,
817,2020-03-19 06:21:01,  【爱尔兰新增74例新冠病毒确诊病例，累计366例，五分之一是医护人员】当地时间18日晚（北京时间19日清晨），爱尔兰卫生部宣布，当天新增确诊74例新型冠状病毒感染病例，其中45例为男性、29人为女性；全国累计病例增至366例；各地区中首都都柏林感染人数最多，有129人。全部感染者中，三分之二患者年龄在55岁以下，四分之一年龄在35岁至44岁之间，五分之一是医护人员。（央视新闻）,
818,2020-03-19 06:15:30,  世卫组织及其合作伙伴正在多个国家组织一项研究，试图通过对比的方式，确定新冠肺炎的最有效疗法。（新华社）,
819,2020-03-19 06:14:45,  澳航和捷星航空将从3月下旬起停飞国际航班。,
820,2020-03-19 06:10:18,  美股三大指数期货均跌超1.5%。,
821,2020-03-19 06:05:55,  纽约原油期货开盘上涨9.5%，至22.30美元/桶。,
822,2020-03-19 06:05:25,  公布财报后，携程网盘后涨1.17%。,
823,2020-03-19 06:01:51,  携程四季度调整后每ADS盈利1.94元人民币，分析师预期0.84元。 四季度营收83亿元人民币，分析师预期82.5亿元。 预计一季度营收将下滑45%至50%。,
824,2020-03-19 06:01:28,美股三大股指期货小幅低开。道指期货跌0.22%，标普500指数期货跌0.14%，纳指期货跌0.16%。,
825,2020-03-19 05:54:59,惠誉将美国主要银行的评级展望从稳定下调至负面。,
826,2020-03-19 05:53:23,【15家公司股息率超3%彰显价值，社保基金重仓5只高分红股】数据统计发现，截至3月18日收盘，沪深两市有117家公司公布了2019年年度分配方案。股息率超过3%的公司有15家。广汇物流股息率为8.88%，位居所有公布分红预案公司的首位。紧随其后的是佳士科技、济川药业、深物业A、塔牌集团、永新股份、东莞控股、阳谷华泰和中信特钢等8家公司股息率均超4%。统计发现，截至3月18日，中信特钢、安徽合力、佳士科技、阳谷华泰和济川药业等5家公司2019年年报披露显示，前十大流通股股东名单中均有社保基金现身。（证券日报）,
827,2020-03-19 05:49:22,【世卫组织：全球新冠肺炎病例累计达到207860例】世卫组织实时统计数据显示，截至欧洲中部时间18日18时（北京时间19日1时），全球新冠肺炎确诊病例累计达到207860例，死亡病例8657例，已报告病例的国家和地区达166个。,
828,2020-03-19 05:47:50,【百亿元级证券私募数量高达38家，21家2月份实现正收益】据了解，截至2月底，跻身百亿元级（管理规模）阵营的证券私募基金已多达38家；从收益率来看，在有业绩统计的31家百亿元级私募中，2月份平均收益率为1.11%，21家收益率为正。此外，在获得正收益的百亿元级私募中，量化策略私募全部实现正收益。（证券日报）,
829,2020-03-19 05:47:19,市场消息：巴西圣保罗要求关闭所有零售商店，直至4月5日。,
830,2020-03-19 05:46:48,新西兰第四季度GDP同比增长1.8%，前值2.3%，预期1.8%。,
831,2020-03-19 05:46:23,  澳大利亚国债收益率曲线趋陡，10年期澳债收益率涨至最近两个月高位。,
832,2020-03-19 05:40:54,【市场震荡，主动权益新基金谨慎建仓】3月初以来，全球股市受疫情冲击开启“抛售”模式，A股波动加大。新成立的主动权益基金有的开始逐渐建仓，不过，建仓速度比2月份已经谨慎很多。新基金建仓节奏较为实际地反映了基金经理对市场的预期。Wind数据显示，截至3月17日，3月以来共成立18只主动型权益基金，14只基金已开始建仓。（证券时报）,
833,2020-03-19 05:40:30,  美国总统特朗普：美国有望不动用国防生产法案来应对新冠肺炎疫情。,
834,2020-03-19 05:38:33,【今日6家企业上会，IPO常态化发行持续】从证监会官网了解到，今日（3月19日），将有6家企业首发申请上会审核。从以往IPO审核的节奏来看，发审委基本保持在平均每周审核4家企业的速度，对于这次一天上会6家企业，业内人士认为，为支持企业融资需求，资本市场直接融资功能正在发挥着积极作用。（证券日报）,
835,2020-03-19 05:35:19,  周三（3月18日）纽约尾盘，CME比特币期货BTC主力合约报5365元，较周二纽约尾盘微跌0.28%，盘中交投于5475-4990美元区间。,
836,2020-03-19 05:33:59,  法国央行行长：对欧洲实施直升机式撒钱没有疑问，准备临时性地倾向于部分国家的债务。,
837,2020-03-19 05:24:33,【美债收益率再度集体大涨，收益率曲线继续趋陡，10年和3个月期利差超过110个基点】周三（3月18日）纽约尾盘，美国10年期基准国债收益率上涨311.31个基点，报1.1915%。 30年期美债收益率涨10.31个基点，报1.7875%。 两年期美债收益率涨13.26个基点，报0.5337%。 五年期美债收益率涨4.45个基点，报0.7879%。 2年/10年期美债收益率利差涨7.793个基点，报65.181个基点，盘中一度刷新2018年2月以来最高位；三个月/10年期美债收益率利差涨26.153个基点，报115.846个基点。,
838,2020-03-19 05:22:49,  纽交所：本周有两名员工新冠病毒检测结果为阳性。,
839,2020-03-19 05:20:51,COMEX黄金期货收跌2.5%，报1487.7美元/盎司，COMEX白银期货收跌4.12%报，11.98美元/盎司。,
840,2020-03-19 05:19:42,  加拿大S&P/TSX指数收跌7.60%，报11721.42点，较2月20日收盘位回落将近34.68%，庞巴迪多伦多股价收跌25%，报0.45加元，较2019年11月21日收盘位回落将近79.07%，该公司股价曾在2000年录得26.70加元的历史最高位。,
841,2020-03-19 05:17:53,  【以色列禁止所有外国人入境 边境及过境口岸关闭】当地时间3月18日晚间（北京时间3月19日凌晨），以色列人口移民与边境管理局宣布：由于新冠肺炎疫情不断蔓延，依据卫生部建议，即日起，以色列禁止所有外国人入境，以色列公民和（永久）居民仍被允许入境。,
842,2020-03-19 05:17:38,【挪威累计1562新冠肺炎病例，累计死亡6例】当地时间3月18日，挪威《晚邮报》报道，截止到18日19时，挪威当日新增110例，全国累计确诊病例1562例，全国累计死亡6例。（央视新闻）,
843,2020-03-19 05:11:29,  巴西央行：降息50个基点的决定是一致通过的。 新兴市场经济体的环境变得更有挑战性。在当前维持基准利率稳定是合适的。,
844,2020-03-19 05:09:11,  惠誉将美国银行的评级从稳定下调至负面。,
845,2020-03-19 05:07:23,  巴西央行：降息至3.75%，分析师预期为4.00%。,
846,2020-03-19 05:05:36,  英镑兑美元GBP/USD短线跳水100点，现报1.1497。,
847,2020-03-19 05:04:12,【销售回暖成本上涨，国产手机集体“涨价”】从OPPO、vivo、天音控股等国内主要手机厂商获悉，2月底以来，国内手机销售回暖显著，手机行业全年不必太悲观。vivo副总裁、中国市场总裁刘宏向表示，新冠肺炎疫情暴发后，整个手机市场下滑比较严重，但从3月开始，整个行业增长速度比较好，vivo销量比去年同期有超过10%的增长。上游半导体的涨价将传导至下游行业之一手机行业，而这甚至已提前引爆了一波行业“涨价”潮。据了解，华为3月26日将发布P40，消息显示P40价格较上一代P30会有一定幅度的上涨。（证券时报）,
848,2020-03-19 05:03:38,【逾百亿资金借道ETF流入A股】A股市场大幅震荡，场内资金大举抄底。超100亿资金借道股票型开放式指数基金（ETF）进场，沪深300、上证50、中证500等宽基ETF，芯片ETF、半导体50ETF、5GETF等科技ETF成为资金买入的对象。根据银河证券基金研究中心的股票ETF基金资金测算模型计算，3月17日，A股ETF整体资金流入100.73亿元。其中，华泰柏瑞沪深300ETF净流入23.4亿元，华夏上证50ETF净流入11.92亿元，南方中证500ETF、易方达创业板ETF净流入资金在10亿元左右。（证券时报）,
849,2020-03-19 04:55:27,  特斯拉准备将加利福尼亚工厂的人员减少75%。,
850,2020-03-19 04:49:22,  纽交所：所有的电子交易将在下周一开盘时开始。 股票和期权交易大厅将暂时关闭。纽交所所有上市股票的交易和监管都将继续，不会中断。,
851,2020-03-19 04:48:54,  【美国大型科技股多数收跌 苹果跌2.45%】周三美国大型科技股多数收跌，苹果跌2.45%，亚马逊涨1.23%，奈飞跌1.34%，谷歌跌2.4%，Facebook跌1.65%，微软跌4.21%。,
852,2020-03-19 04:48:37,【世卫组织警告每个人都不能掉以轻心】世界卫生组织总干事谭德塞周三提醒各国民众：尽管当前新冠病例主要出现在西太平洋和欧洲地区，但每个人都不能掉以轻心。他表示，基于中国分享的新冠病毒基因序列，首款新冠疫苗已经进入实验阶段，“这是一项巨大的成就”。（中国日报）,
853,2020-03-19 04:47:07,  【巴西能源部长确诊感染新冠肺炎】卫报18日报道，巴西总统博索纳罗宣布，巴西能源部长本托·阿尔伯克基确诊感染新冠肺炎。,
854,2020-03-19 04:42:42,  【世卫组织回应特朗普称新冠病毒为“中国病毒”：不应把病毒同种族相联系】当地时间18号，世卫组织在日内瓦总部召开新冠肺炎例行发布会，会上，世卫组织卫生紧急项目负责人迈克尔·瑞安针对媒体关注的美国总统特朗普称新冠病毒为“中国病毒”做出回应。一直以来我们传递的信息就很清晰，病毒没有国界，不区分种族肤色和财富。我们在语言使用上要小心，应避免把病毒同个人联系在一起。我相信任何人都会后悔把病毒同种族联系在一起，这是所有人都不希望的，我们需要团结合作。2009年（H1N1）流感大流行是始于北美，我们也没把它称作北美流感。所以当遇到其他病毒时，我们采用同样的（命名）方式，避免同地域联系。,
855,2020-03-19 04:38:19,  【欧元区官员讨论启动地区救助基金 帮助遏制病毒影响】欧元区官员正在考虑启动该地区的救助基金，以帮助遏制冠状病毒的影响，这也是触发欧洲央行最强大的债券购买机制的关键一步。根据三名知情人士透露，随着政府债券收益率螺旋式上升，官员们正在认真考虑一项计划，该计划将使欧洲稳定机制(ESM)为欧元区国家建立多个信贷安排。此举将有助于减轻公共财政紧张的国家（如意大利和西班牙）的压力。除了动用4100亿欧元的ESM资金来降低借贷成本外，此举还可以为欧元区处于危险境地时欧洲央行通过其“直接货币交易”(Outright Monetary Transactions)计划购买大量主权债券铺平道路。,
856,2020-03-19 04:35:35,据路透社，印度正在考虑为航空业制定16亿美元的救援计划。,
857,2020-03-19 04:29:48,  特朗普下令卫生资源优先用于抵抗新冠病毒。,
858,2020-03-19 04:29:03,  标普500指数11大板块集体下跌，伴随着油价暴跌，能源股领跌，跌幅达14%，其次是金融板块；电信业务板块跌幅最小，其次是日常消费品板块。,
859,2020-03-19 04:21:34,美国食品和药物管理局暂时推迟所有的日常监督检查。,
860,2020-03-19 04:17:15,  加拿大央行：定期回购操作将至少每周进行一次。,
861,2020-03-19 04:16:09,【伴随着美股大盘大跌，热门中概股多数下跌，中国城超市逆市涨超36%】中国城超市逆市涨超36%，嘉楠科技涨超7%，搜房网涨超5%，58同城和青客公寓涨超2%，慧择涨近2%；趣店跌超20%，搜狐跌超17%，蔚来汽车跌超16%，哔哩哔哩、瑞幸咖啡跌超13%，迅雷、虎牙跌超12%，微博跌超11%，百度跌超8%，阿里巴巴、腾讯ADR跌超5%，拼多多跌超4%，京东跌超1%。,
862,2020-03-19 04:12:22,  新华社快讯：葡萄牙总统德索萨18日宣布葡萄牙全国进入“紧急状态”以阻止新冠疫情蔓延。,
863,2020-03-19 04:12:03,  据外媒，参议院批准冠状病毒救济方案供特朗普签署。,
864,2020-03-19 04:10:21,  美国总统特朗普：美国已经预定5亿份N95口罩。,
865,2020-03-19 04:05:01,库德洛表示，政府可能建立股票仓位作为纾困组成部分。,
866,2020-03-19 04:00:23,  道指收跌逾1200点，雪佛龙跌约20%领跌其他成分股，波音跌约18%。标普跌约5%，纳指跌超4%。能源股哈里伯顿跌超27%，雪佛龙紧随其后。苹果跌超1%。,
867,2020-03-19 03:59:44,高盛：预计巴西将在2020年出现经济衰退。,
868,2020-03-19 03:58:48,  沙特代理财政部长表示，政府采取措施遏制石油危机的影响。,
869,2020-03-19 03:54:52,美股跌幅继续缩窄，道指现跌6.7%，纳指跌5.6%，标普500指数跌6%。,
870,2020-03-19 03:52:49,对冲基金经理Bill Ackman正在买入黑石集团的股票。,
871,2020-03-19 03:52:37,  高盛：预计巴西2020年经济增速为-0.9%，此前为1.5%。,
872,2020-03-19 03:51:55,美股继续回升，道指跌幅缩窄至1600点以内，较日内低点涨逾700点。,
873,2020-03-19 03:47:50,  据外媒，吉利德的新冠治疗药物可能很快获得FDA批准。,
874,2020-03-19 03:44:51,【全球市场动荡推动黄金波动率升至2008年以来最高】通过跟踪ETF走势来评价预期价格波动的CBOE黄金ETF波动率指数在过去6个交易日上涨一倍以上，至2008年11月以来的最高水平。“波动率仍然是市场的主要情形，黄金也不例外，”Activ Trades首席分析师Carlo Alberto De Casa在一封电子邮件中表示，“我们看到股市与黄金之间存在正相关，这并不非常意外，因为每次市场急剧下跌时，许多交易员都将黄金用作自动取款机，以满足其他投资头寸的追加保证金通知”。,
875,2020-03-19 03:43:56,  美国国家经济顾问库德洛：对小企业和工人的2500-3000亿美元的援助计划可能会更高。,
876,2020-03-19 03:43:05,美国参议员Cramer敦促特朗普对俄罗斯、沙特以及欧佩克原油实施禁令。,
877,2020-03-19 03:40:21,【俄股市及卢布大幅下跌，莫斯科交易所卢布跌停】受新冠肺炎疫情和石油价格走低等因素影响，18日，俄罗斯股市及卢布汇率双双下跌。莫斯科交易所指数（MOEX Russia Index）3月18日收盘报2112.64点，跌幅为5.04%。为稳定卢布币值，俄央行设置“汇率走廊”，即规定汇率波动幅度的同时，不断调整波动区间的中值。18号，卢布汇率重挫至1美元兑换80.87卢布和1欧元兑换88.725，双双触顶央行“汇率走廊”，导致跌停，达到2016年以来的最低水平。（央视）,
878,2020-03-19 03:39:50,美国国家经济顾问库德洛：第三阶段的新冠病毒纾困法案可能会带来1.3万亿美元的财政刺激。,
879,2020-03-19 03:39:13,据外媒，德国对欧盟旅行者关闭边境。,
880,2020-03-19 03:36:18,  加拿大央行的员工们将居家远程办公，直至进一步通知，以抑制新冠肺炎疫情蔓延。,
881,2020-03-19 03:34:26,  美国参议院开始就众议院已经通过的新冠病毒纾困法案进行投票。,
882,2020-03-19 03:32:07,  【东京奥运因疫情取消不退票？东京奥组委：部分报道内容与事实不符】据日本《日刊体育》18日报道，“奥运会若因疫情取消，已售门票将不退”的消息在日本国内外引起热议。东京奥林匹克运动会和残奥会组委会当日进行回应：（部分）报道内容与事实不符，“7月24日开幕的奥运会仍将按计划进行准备工作。”,
883,2020-03-19 03:31:05,  庞巴迪多伦多股价暴跌36.7%，报0.38加元，创1986年以来盘中新低，恐创历史上最大单日跌幅。,
884,2020-03-19 03:27:01,  欧洲央行管理委员会召开病毒应急电话会议。,
885,2020-03-19 03:23:33,  由于疫情担忧，摩根大通将关闭1000个分部。,
886,2020-03-19 03:23:05,【美国货币市场基金资产一周增加1386.7亿美元】iMoneyNet数据显示，截至3月17日当周，美国货币市场基金资金流入1386.7亿美元，至3.848万亿美元（接近2009年1月13日当周创下的3.849万亿美元的纪录高位），这一增长创下iMoneyNet自1998年开始跟踪货币基金资产以来的最大单周涨幅。,
887,2020-03-19 03:21:41,  法国财长勒梅尔表示，欧洲央行应该迅速进行大规模干预。,
888,2020-03-19 03:20:30,乌克兰央行：乌克兰正与IMF就援助进行对话。,
889,2020-03-19 03:19:06,  法国将允许银行释放资本缓冲，这将释放80亿欧元的资金。,
890,2020-03-19 03:15:12,  美国劳工部人口统计局局长Steven Dillingham：自周三（3月18日）开始，统计局将暂停实地调查工作，直至4月1日（，以防止统计局员工感染新冠肺炎病毒的风险）。,
891,2020-03-19 03:14:22,  吉利德科学直线拉升，涨幅扩大至6.2%，此前投行Piper Sandler认为吉利德科学的瑞德西韦药物可能会获得批准。,
892,2020-03-19 03:11:11,  美股回升，道指跌幅缩窄至8%以内，标普500指数跌7.1%，纳指跌6.4%。,
893,2020-03-19 03:09:28,  奥地利禁止做空股票。,
894,2020-03-19 03:05:12,  吉利德科学拉升，现涨超3%。,
895,2020-03-19 03:05:01,  Andurand石油基金3月份截至上周五（3月13日）增长40%。,
896,2020-03-19 03:04:14,  在美股大盘暴跌之际，中概股58同城、宝尊电商、斗鱼涨超2%；中国城超市涨超26%。美股电商股亚马逊转涨，涨0.3%，医药股WBA涨3.7%，零售巨头沃尔玛涨2%。,
897,2020-03-19 03:01:49,美国财政部和国税局发布有关推迟缴税的指引。,
898,2020-03-19 03:01:31,对冲基金经理Bill Ackman：认为美国总统特朗普会暂时封锁国境。,
899,2020-03-19 03:01:03,恒指期货夜盘收跌0.75%，报21839点。,
900,2020-03-19 03:00:20,  美元指数DXY短线上扬20点，现报101.16，现货黄金短线下挫近9美元，现报1494.16美元/盎司。,
901,2020-03-19 02:59:56,  亚马逊强势转涨，此前一度跌超3%。,
902,2020-03-19 02:57:39,投行Piper Sandler：吉利德科学的瑞德西韦药物可能会获得批准。,
903,2020-03-19 02:55:57,【英镑大跌5%至1985年以来最低 跌破英国脱欧公投后所创低点】随着新冠肺炎疫情在英国蔓延，许多人担心与其他欧洲国家相比约翰逊的应对根本不够，投资者随之逃离该国资产。同时，全球对美元的需求上升也对英镑构成压力。受此影响，今日英镑/美元一度跌超5%，并刷新1985年以来的新低至1.1446。,
904,2020-03-19 02:53:12,盘后交易中， 美国WTI原油跌幅进一步收窄至18.5%，现报21.85美元/桶；布伦特原油跌幅收窄至不足10%，报25.92美元/桶。,
905,2020-03-19 02:52:14,现货黄金继续回升，收复1500美元/盎司，较日低回升近30美元，日内跌幅收窄至1.96%。,
906,2020-03-19 02:51:58,美元指数DXY回落至101下方，日内涨幅收窄至1.6%。,
907,2020-03-19 02:51:48,巴西总统博索纳罗：新冠病毒疫情爆发局势严峻，但我们不能自乱阵脚。,
908,2020-03-19 02:49:58,德国考虑增加紧急贷款项目。,
909,2020-03-19 02:49:43,希腊财长：由于新冠肺炎疫情的爆发，预计希腊今年经济将仅略微增长。,
910,2020-03-19 02:48:21,美联社：美国人口普查局所有的实地调查行动将暂停至四月初。,
911,2020-03-19 02:48:03,美国国防部消息称，美国军人、国防部文职人员及其家属确诊感染新型冠状病毒人数激增三分之一至89例。 （俄罗斯卫星通讯社）,
912,2020-03-19 02:47:47,  WTI 4月原油期货收跌6.58美元，跌幅24.42%，创历史上第三大单日跌幅，报20.37美元/桶，最近10个交易日跌去56%，创1983年成立合约以来最大的连续10天跌幅。,
913,2020-03-19 02:45:34,乌克兰和波兰领导人就合作遏制新冠病毒传播进行了讨论。,
914,2020-03-19 02:45:17,美国密歇根州报告首例新冠病肺炎毒死亡病例。,
915,2020-03-19 02:44:54,美国五角大楼：仍在考虑如何对近期驻伊拉克美军遭火箭弹袭击事件作出回应。,
916,2020-03-19 02:42:40,特朗普称，用15天来放缓新冠病毒传播速度。,
917,2020-03-19 02:41:46,摩根大通：预计美国经济增速将在第一季度萎缩4%，第二季度萎缩14%。,
918,2020-03-19 02:41:11,美国10年期国债收益率升至日高的1.253%。,
919,2020-03-19 02:39:38,巴西卫生部长：巴西将禁止阻止新冠病毒传播过程中必须产品的出口，特别是呼吸机。,
920,2020-03-19 02:38:29,WTI原油过去十天累计下挫56%，为1983年原油合约推出以来的最差十日表现。,
921,2020-03-19 02:37:05,国际数据公司（IDC）：新冠肺炎疫情将在2020年对全球半导体市场产生重大影响。,
922,2020-03-19 02:36:50,“新债王”冈拉克：原油在今日跌至了20美元/桶附近，企业债受到重创，我们已经正式进入了一个“无序状态”。,
923,2020-03-19 02:36:27,加拿大S&P/TSX指数暴跌10%，跌穿关键性支撑位，至2012年以来盘中新低，国际油价崩跌构成拖累。,
924,2020-03-19 02:34:14,欧盟公布与英国未来关系协议的立法文本草案。,
925,2020-03-19 02:33:59,欧盟首席脱欧谈判官巴尼耶：有可能与英国达成大胆的、全面的协议。,
926,2020-03-19 02:33:33,WTI 4月原油期货收跌6.58美元，跌幅24.42%，报20.37美元/桶。,
927,2020-03-19 02:33:09,美联储哈克：政府给美国人发放支票是有意义的。,
928,2020-03-19 02:29:50,美联储哈克：债券市场仍然波动，但是流动性趋好。,
929,2020-03-19 02:29:30,美联储哈克：还未就购买多种债券做出决定，但这值得讨论。,
930,2020-03-19 02:29:20,美联储哈克：很有可能迅速实施定期拍卖机制。,
931,2020-03-19 02:28:59,美联储哈克：定期拍卖机制仍然在考虑当中。,
932,2020-03-19 02:28:33,德国将欧洲内部的边境管控措施扩大至航空旅行。,
933,2020-03-19 02:28:24,毛里求斯首次报告3例新冠病毒确诊病例，将从周四开始关闭机场。,
934,2020-03-19 02:28:04,纳指失守6700点，为2019年1月以来首次。,
935,2020-03-19 02:26:05,美元兑日元USD/JPY短线跌超30点，现报108.14，日内涨幅收窄至0.44%。,
936,2020-03-19 02:25:48,美元指数DXY短线下挫逾20点，涨幅收窄至1.82%，现报101.21。,
937,2020-03-19 02:25:06,巴西雷亚尔兑美元在现货市场跌幅扩大至4.03%。,
938,2020-03-19 02:24:49,捷克共和国的新病毒确诊病例升至522例。,
939,2020-03-19 02:21:43,道指重挫逾10%失守19000点关口，最低下跌至18983.34点。,
940,2020-03-19 02:20:47,法国公共卫生部官员：法国新冠肺炎确诊病例增至9134例， 死亡病例增至264例，此前报告为175例。,
941,2020-03-19 02:20:05,美国五角大楼发言人： Comfort号 海军医疗船刚刚结束养护工作，未来数周都不会（因为新冠肺炎疫情的缘故而）被派遣到纽约。目前驻扎美国西海岸的Mercy号医疗船准备出航。,
942,2020-03-19 02:13:55,巴西司法部长：巴西将暂时关闭边境。,
943,2020-03-19 02:13:14,纽约联储购买了50.01亿美元的国债。,
944,2020-03-19 02:12:47,尼日利亚财长：在最坏的情景中，石油基准价格为30美元/桶。 修正后的预算产量设定为210万桶/日。,
945,2020-03-19 02:11:28,美国新泽西州报告427例新冠肺炎病例，上一日报告为267例。死亡病例5例。,
946,2020-03-19 02:09:26,加拿大央行宣布更多常备借贷便利担保政策的变化。,
947,2020-03-19 02:09:15,阿曼要求游客离境，以遏制新冠肺炎疫情蔓延。,
948,2020-03-19 02:06:58,美国官员称有50万套新冠病毒检测试剂正从意大利运往美国，预计还会有更多。,
949,2020-03-19 02:03:47,Facebook CEO扎克伯格：用户活跃度激增。疫情将会带来一场经济巨震。,
950,2020-03-19 02:03:21,世行行长马尔帕斯：接下来几天和几周可能会有更多世界银行的员工感染新冠病毒。,
951,2020-03-19 02:02:56,英国首相鲍里斯·约翰逊在18日晚举行的新冠疫情发布会上宣布，从本周五开始，除了少数关键岗位防疫一线人员医护人员的子女和一些弱势群体儿童等可以继续上学外，英格兰的所有学校和幼儿园等教育机构全部停课，5月和6月的升学考试也被取消。18日上午，苏格兰和威尔士政府已经先行决定学校停课。（央视新闻）,
952,2020-03-19 02:02:05,世行行长马尔帕斯：世界银行两名在华盛顿的雇员感染了新冠病毒。,
953,2020-03-19 02:01:47,欧洲地中海地震中心：印尼巴厘岛南部发生6.4级地震。 预计印尼巴厘岛南部的地震不会触发海啸。,
954,2020-03-19 02:01:07,纽约联储在隔夜回购操作中接纳了132亿美元的证券。,
955,2020-03-19 01:58:44,美股汽车股集体重挫，通用汽车跌超29%，蔚来汽车跌超21%，特斯拉跌近18%，福特跌近17%，菲亚特克莱斯勒跌超15%，日本丰田和本田跌超4%，法拉利跌超3%。,
956,2020-03-19 01:53:39,  伦敦金属交易所铜价下跌7.8%，创下2008年以来最大单日跌幅。,
957,2020-03-19 01:51:42,  COMEX 4月黄金期货收跌47.90美元，跌幅3.1%，报1477.90美元/盎司，创2019年12月份以来收盘新低。,
958,2020-03-19 01:50:50,英国首相约翰逊表示，关于在伦敦采取的防疫措施，一切选项都有可能。,
959,2020-03-19 01:50:16,  对冲基金Glen Point本月的收益率下滑9.5%。,
960,2020-03-19 01:49:48,  WTI原油跌幅收窄至20%，现报21.51美元/桶；布伦特原油现报25.14美元/桶。,
961,2020-03-19 01:49:35,  英国首相约翰逊：没有改变脱欧过渡期的计划。,
962,2020-03-19 01:48:37,巴西能源部长新冠病毒检测结果呈阳性。,
963,2020-03-19 01:46:04,  阿联酋航空据悉考虑停飞A380航班。,
964,2020-03-19 01:45:30,  现货黄金短线回升约10美元，现报1489.10美元/盎司。,
965,2020-03-19 01:44:01,美股触底回升，道指跌幅缩窄至1800点以内，纳指跌6.8%。,
966,2020-03-19 01:40:33,  现货黄金跌超3%，现货白银日内一度跌超7%，现报11.673美元/盎司。,
967,2020-03-19 01:40:16,  法新社18日报道，德国总理默克尔表示，新冠疫情是“德国二战以来面临的最大挑战”。,
968,2020-03-19 01:38:30,  美国约翰斯-霍普金斯大学发布的实时统计数据显示，截至美国东部时间18日13时（北京时间19日1时），美国累计新冠肺炎确诊病例7324例，死亡115例。（新华国际）,
969,2020-03-19 01:37:35,  通用汽车：将暂停工厂的生产活动直至3月30日。,
970,2020-03-19 01:35:31,美股跌势不减，道指跌超10%，标普500指数跌近9%，标普500指数失守2300点，为2017年2月以来首次。,
971,2020-03-19 01:33:18,美股继续暴跌，道指跌超2000点，标普500指数跌8.4%。,
972,2020-03-19 01:31:55,  美油跌幅扩大至20.67%，报21.4美元/桶。,
973,2020-03-19 01:30:56,  现货黄金跌至1480美元/盎司下方，日内跌3.33%。,
974,2020-03-19 01:30:37,  加纳央行将基准利率由16%降至14.5%。,
975,2020-03-19 01:29:57,  道指跌幅扩大至9%，标普跌幅扩大至8%。,
976,2020-03-19 01:29:36,  沙特新冠肺炎确诊病例增加至238例。,
977,2020-03-19 01:28:05,  本田汽车：将暂停英国工厂的生产活动直至4月6日。,
978,2020-03-19 01:26:13,【意大利单日新增4207例确诊病例，新增死亡475例】据荷兰媒体BNO新闻网最新消息，意大利新增新冠肺炎确诊病例4207例，新增死亡病例475例，累计确诊病例增加到35713例，累计死亡病例达到2978例。（海外网）,
979,2020-03-19 01:25:24,  知名基金经理比尔米勒：达美航空和美国航空集团会活下来，因为巴菲特是它们的股东。,
980,2020-03-19 01:25:03,  【夏普有意拆分液晶面板业务】据《读卖新闻》，夏普正在讨论拆分运营液晶面板业务的内部公司Display Devices Company。公司讨论在2020至2021年度内将这部分业务拆分，随后推进股票发行上市。液晶面板业务是夏普的核心业务，占该公司合并营业收入的约三成。除了上市之外，夏普还将讨论第三方定向增发等融资方式。如果成功上市，夏普仍将维持五成以上的出资，打算继续维持经营权。,
981,2020-03-19 01:21:02,  英国教育大臣表示，英国学校将在周五关闭，直至进一步通知。,
982,2020-03-19 01:17:52,  美国航空股重挫，达美航空跌势不减，现跌近40%，美国联合航空跌39%，美国航空集团跌31%。,
983,2020-03-19 01:11:58,美股恢复交易，跌势不止，道指继续扩大跌幅至8%。标普500指数跌幅从7.01%，扩大至7.11%，纳指目前仍然跌超6%。,
984,2020-03-19 01:11:17,  富时中国A50指数期货直线下挫，跌超1%。恒指期货跌1.2%。,
985,2020-03-19 01:08:46,  美元兑离岸人民币刚刚触及7.0900元关口，最新报7.0900元，涨0.83%。,
986,2020-03-19 01:04:04,  美油跌破22美元/桶，报21.97美元，跌幅18.5%。,
987,2020-03-19 01:03:43,  加拿大S&P/TSX股指熔断。,
988,2020-03-19 00:58:54,  英镑兑美元重挫5%。,
989,2020-03-19 00:56:54,标普500指数跌幅扩大至7%，触发本月第四次熔断，暂停交易15分钟。,
990,2020-03-19 00:56:36,  现货黄金跌幅扩大至近3%，刷新日低至1483.15美元/盎司。,
991,2020-03-19 00:56:14,  道指跌幅扩大至7.7%，纳指跌超6%，标普500指数跌6.8%。,
992,2020-03-19 00:55:48,  智利比索兑美元收跌2.26%，刷新收盘历史低点至867.80/868.10比索。,
993,2020-03-19 00:54:53,  特朗普称航空公司可能是政府援助的首要目标，航运业以及酒店业也是主要的援助对象。,
994,2020-03-19 00:54:05,美股航空股集体暴跌，达美航空目前下跌超30%，美国航空跌超25%，美联航跌超32%。,
995,2020-03-19 00:53:44,  美国银行机构正在考虑提供指导，以向受新冠肺炎病毒感染影响的低收入群体发放贷款。,
996,2020-03-19 00:53:13,英镑兑美元GBP/USD短线重挫逾70点，现报1.1624，日内跌3.55%。美元指数DXY日内涨超2%，报101.46。,
997,2020-03-19 00:52:41,  加拿大S&P/TSX指数下跌6.7%，刷新最近四年盘中低点。,
998,2020-03-19 00:51:58,特朗普称在新冠病毒的治疗上取得了进展。,
999,2020-03-19 00:51:41,  俄罗斯莫斯科证交所：并未暂停交易。,
